Actual_Price,Predicted_Price
85702.0,65109.854893428
150.0,-9357.576499985531
157.0,-563.6134600280275
120.0,-7054.850462735645
150.0,36135.97890170269
16621.0,18404.350112843924
80.0,-6450.258091596181
9408.0,-2537.708333032446
31047.0,31175.507689702667
29793.0,44181.66949005769
45473.0,38016.50201423047
30800.0,31294.159857529914
53314.0,49909.69507745869
80.0,-3083.6744641070327
103178.0,51942.69897391844
50178.0,66929.33669071912
80.0,-7723.481690715809
89379.0,52200.79285863368
70.0,-3052.807018836924
17562.0,10716.262560656334
7840.0,-1686.2391543798876
37633.0,77087.75798677464
50.0,11590.557010748795
14269.0,1856.1599291685998
37354.0,63771.16232678623
87811.0,38836.055473265355
16725.0,14010.19802983091
75266.0,40211.35827643422
70.0,-2624.9154763221522
65.0,-1103.6754330910553
14269.0,11883.363431996757
12544.0,17471.139510624504
14740.0,6561.5040512759115
22000.0,25558.922436076195
199.0,25541.874749386683
14897.0,6039.490881308811
12544.0,7493.962526269977
10036.0,11690.752337520393
51746.0,33092.67496699383
5331.0,5280.713085506948
14426.0,31120.872367689826
32929.0,38396.83559529156
8781.0,11248.51467707871
15681.0,20723.20719737481
16308.0,12584.46362605934
3763.0,93251.93593302014
26030.0,18388.049910083275
116036.0,39964.919369155985
13956.0,4391.049966358056
8000.0,-467.47202978770656
80.0,124858.4661588399
45473.0,39417.62129728423
39201.0,85605.23423243436
43592.0,48151.35080207578
1650.0,60641.38712674091
68681.0,40898.53746894854
250.0,55894.31815072241
11917.0,3841.603992242046
19444.0,17648.81528775962
8154.0,5690.412357862326
21482.0,43488.235363819025
15681.0,59961.12001460157
10000.0,6461.425576260997
80.0,-11190.712311294505
10976.0,7525.1378634671055
10000.0,-6313.187216569204
2509.0,-13589.99911067375
22000.0,11229.826469226555
17562.0,16153.835742645846
50.0,-3394.494983182238
29950.0,17698.569535075425
8467.0,9469.825438345986
15681.0,5564.249178674385
34497.0,40826.05119384084
8781.0,-1386.5047025848908
10036.0,5197.459821238568
14500.0,9815.47389519685
28100.0,19833.298749255035
12541.0,21682.972392878342
7150.0,-3186.254124009458
35.0,-9926.314928978703
18817.0,22779.78463788335
13000.0,1496.195028687871
9000.0,-868.8283753020005
15000.0,-6762.418168455253
11000.0,-7227.349956035323
13172.0,-4613.11889402182
25089.0,85941.91822092405
111332.0,44122.77503406419
7000.0,-4293.10563751177
13000.0,-12777.348655439433
23521.0,18551.1779103381
15367.0,-27362.13296796201
10506.0,8037.825231716186
40.0,-8964.520989370998
5331.0,2719.0835970835396
32929.0,59106.669214682355
7213.0,-2694.3988021618134
34497.0,37606.384328862856
19444.0,33801.87703656433
24148.0,21437.242815354803
15681.0,11260.495923336388
21012.0,1131.8236135737097
24932.0,14073.382790567895
21169.0,36728.059301681395
17500.0,2431.6133499944044
31988.0,33357.673991488766
76835.0,57463.278547211354
72130.0,52197.93393692153
13485.0,68980.84225691053
18000.0,20617.35629682067
21950.0,4961.423306238037
16465.0,9595.30426780333
13172.0,3480.4644017766987
8500.0,-2998.3413950072063
24462.0,23726.105511887945
34497.0,39942.028604615145
42024.0,43334.5918395378
28225.0,27564.68953121867
14113.0,9016.391535920047
28600.0,40290.462989870415
160.0,-7578.683909504376
11917.0,-13818.882284487052
30.0,-15867.396247798883
19444.0,17845.96865709682
12388.0,2822.8620528769607
17000.0,37094.695157636415
12388.0,4417.688678876155
10032.0,52465.88388627585
37633.0,39448.39738417637
19444.0,17243.10292610806
37633.0,41077.13274033471
28225.0,61801.882664513236
10820.0,768.0311105824003
21012.0,20307.86872548422
13172.0,4278.4664420990375
20385.0,23039.313182449376
8781.0,58831.06882161896
29793.0,44583.080648156334
20385.0,33824.26694728121
17249.0,10865.989736406842
150.0,3235.952327897561
13799.0,321.08948072084604
47669.0,50259.21868186975
150533.0,48356.020662586205
17562.0,8963.568217437394
89379.0,43489.12368565988
18189.0,17019.212283259778
16308.0,5937.9638648005275
21796.0,29162.8828653353
21953.0,14554.506186717805
17562.0,8383.80561366311
15367.0,125461.52419731906
5645.0,802.861291061774
10663.0,1921.1099990916337
21639.0,23580.0328939865
16621.0,4690.7411343975255
40456.0,39273.9172221381
20385.0,34649.29608565367
35124.0,29083.567798024407
31361.0,47885.18331439965
18500.0,6116.932492089465
29793.0,36379.31884278959
42337.0,63757.73608872782
29793.0,24067.566449440677
31204.0,26920.75360490245
13485.0,13597.906306862471
20385.0,27933.910328314392
43278.0,64228.95289523007
17249.0,16643.27505079552
36400.0,32960.83482758289
18817.0,18039.851470007005
21169.0,6291.153960996144
23364.0,17231.513050691112
50.0,-11725.550738645652
20385.0,34663.81707768128
30.0,-10363.770501005245
52373.0,35791.57880513275
21169.0,21686.199717410916
20450.0,22340.661707504907
8311.0,13322.809348885567
24462.0,14415.01052128361
19601.0,53820.83084848974
8624.0,8854.120728009268
25716.0,45274.93361348362
18817.0,15222.184446554536
50.0,-3322.9161286362287
8154.0,336729.7592346763
42337.0,38575.35418970988
22266.0,20189.122867425307
24462.0,18881.29309058783
17876.0,26563.031516827214
10349.0,5883.344017197771
16935.0,20570.36103056733
11604.0,5127.136867204485
7213.0,26698.328195608796
11604.0,34397.906417324295
10976.0,29319.170886450203
13642.0,8274.627610743351
22580.0,24484.458138998678
59586.0,33724.09923393631
11000.0,39912.06892875751
28852.0,31929.888084402693
10976.0,-855.3485467472492
16621.0,5960.542801548167
3000.0,-8812.594360112264
51746.0,23639.320835552044
13485.0,29563.29848143038
9722.0,10573.059081585474
21639.0,18968.233851623594
4200.0,-7734.071753479795
30671.0,40809.67514180272
8781.0,1963.297505795097
16151.0,12161.490760567522
9722.0,-1544.4747737130601
14426.0,12599.998892861808
6899.0,41193.89299853749
12388.0,2978.5070535364284
8154.0,-8231.052958829852
50150.0,42493.59762154724
18503.0,19041.111643169683
7300.0,7412.232706363178
19287.0,16663.788077138277
19757.0,15376.321211689366
20071.0,12094.819108125677
40456.0,41390.78818181585
18817.0,13371.713579557734
46728.0,50841.05523752656
129521.0,37428.54207280101
13485.0,7854.12645690022
23521.0,21603.170551885003
20695.0,66825.71048006695
13015.0,17616.001864246224
14426.0,5284.063488465275
26657.0,26304.795915847884
30420.0,32056.568763762978
18189.0,53378.587331442264
18503.0,19776.967907966235
27441.0,21405.62294887377
13485.0,5129.606120927558
18346.0,10987.169762966467
21012.0,17848.343997411874
23521.0,18379.216870630375
23521.0,25476.04146620992
6115.0,119507.28869475058
10349.0,-2202.9657023773034
7527.0,2200.799035702723
8781.0,117481.90181128352
37006.0,43650.60743217409
20071.0,19234.49659803439
17249.0,15280.446936568052
19757.0,39681.039965750606
25716.0,18635.300492231952
21012.0,-5852.221210290452
16621.0,29683.982372625844
18189.0,14132.646481103162
14426.0,15731.184393979485
10500.0,50250.02218302907
20385.0,21577.34787501661
8000.0,9660.213309323572
70562.0,64754.23475362228
31047.0,19533.33101309224
17876.0,9318.940653988302
23207.0,22993.340844196486
32929.0,38648.633264953016
28852.0,20879.05026037727
100.0,-521.8714645248328
25089.0,26391.50561126331
14113.0,57113.050397324085
12231.0,65550.26231333551
14113.0,54637.19269394114
11290.0,3024.8447488162856
19444.0,19677.39222933865
22000.0,15143.022065895602
8311.0,-2081.1047441124174
7840.0,-5460.188483476202
11917.0,-23475.216592027093
11917.0,54614.049043904415
21639.0,28457.836875450215
100355.0,55544.96599908182
300.0,1569.297681554257
7840.0,43026.56163810292
23834.0,14466.69422817061
30420.0,34292.79656780437
13485.0,5978.772261918195
15681.0,35151.79713440832
35124.0,29155.994001292194
13172.0,-8102.541783468849
18189.0,21768.87346532931
141124.0,40256.009209029035
40142.0,34415.648257837056
20385.0,86820.17256859108
21953.0,21916.339650771813
22000.0,20690.290556596854
10976.0,18925.744951029166
9408.0,-7456.462478188965
21500.0,76281.63796148905
13485.0,5340.535144698282
5959.0,3078.784291230164
32929.0,50427.42669913618
30.0,-6833.153844644708
12544.0,135193.5093398781
19130.0,13660.583577457674
48610.0,51526.00693141898
21012.0,18440.998904588203
22266.0,19555.84624522453
36065.0,50589.09672466926
30.0,-1291.6859677496614
15681.0,35499.92331738696
74639.0,41470.65749555433
5488.0,40250.42197348285
27598.0,37618.11820861523
17876.0,20762.1854480232
21639.0,34893.07339920182
10976.0,1663.0611647467813
11290.0,5637.573482758948
10976.0,-25284.165152950074
17249.0,19422.306684379615
31361.0,27424.403003234715
21953.0,29532.625575609127
10976.0,1835.7835957948992
5645.0,-3120.846040378783
19130.0,13180.991989263788
30.0,-502.74929634019645
19800.0,11853.786774285287
13799.0,12156.425252416037
28225.0,35753.07325708318
20385.0,26473.87604103062
10663.0,4790.572633135598
20385.0,25181.766923814648
25089.0,32856.26726018708
11500.0,9339.750040183659
10000.0,-15296.10099000782
7840.0,27578.925027293346
53314.0,37448.87845507419
18189.0,10768.054756275138
13172.0,7036.51310423086
15367.0,1826.305249366742
25089.0,19834.71842244182
60.0,-18994.2420487266
14113.0,14441.734018955241
18189.0,6522.191813375175
20385.0,8575.403418209531
9095.0,-8147.3142952392955
14113.0,12899.922692380234
40.0,1408.859064687007
7213.0,-2738.6562748096767
11290.0,17925.20041456873
51746.0,42024.89585765034
18189.0,11730.23551569559
21950.0,73478.2197386577
8154.0,2665.0036337258716
10820.0,21729.226533364126
24775.0,44114.286289608186
14740.0,15811.183004957245
11760.0,27404.11695814014
100.0,3117.272788071423
25.0,-4250.190384287263
16621.0,14609.963819826833
17562.0,9679.610417817239
13485.0,12053.041454006241
37633.0,46228.36769525951
43905.0,60939.8445259017
27598.0,28047.09006069981
9722.0,5444.561650043426
549.0,-9808.554441433422
470.0,-1837.693698881114
13799.0,33341.579436822576
10976.0,35068.762101947206
13799.0,10314.053968916836
21953.0,23009.82723342159
941.0,-7735.10841152136
14740.0,11605.318107414165
30800.0,26025.83305185812
14113.0,31250.9700064456
31361.0,29276.97359406425
21953.0,30160.602240073313
23521.0,23847.79283240447
21326.0,37690.058930545216
7213.0,-5626.321126857954
8467.0,4759.987144687089
11917.0,4101.252274017628
7683.0,27587.13341452376
7213.0,50682.44491527847
13172.0,61559.73238377372
21012.0,19370.31663039814
22894.0,25913.52487971461
52373.0,38657.90936583787
6899.0,22214.088773661515
25089.0,23172.316884764106
26657.0,20361.522486720074
7840.0,-203.1541016728006
14269.0,31827.199098656773
13485.0,16796.1654962559
16621.0,15417.267618775848
19287.0,16586.359109177527
17876.0,13352.642917203786
10450.0,-2040.4186406070294
15800.0,1120.390771991384
13172.0,8297.38444957037
10976.0,856.9941545790934
26500.0,18805.876853314807
15053.0,33778.60647894695
14113.0,4226.995953888923
10349.0,4460.1228124770205
30734.0,41131.62979027119
9722.0,-5157.117629735934
14113.0,13264.712041261864
18189.0,83952.76825161964
42337.0,58464.78277583933
8624.0,1087.1696721844346
39829.0,65748.72720838932
14113.0,37602.75291341893
25089.0,17747.720362774755
8467.0,2916.6261789337077
19914.0,25507.25741171591
23521.0,16206.025277547105
2195.0,3482.050309085993
3700.0,18475.13636155376
5488.0,62.939083917153766
549.0,-7122.941788738528
29793.0,37439.69391726225
21012.0,19677.864437747245
470.0,3063.793486636372
549.0,-7834.197618267346
13485.0,35486.04968482066
27598.0,35236.39673410146
15681.0,35900.31032735198
10976.0,3968.2215846782346
13172.0,-10522.32169573965
17719.0,27125.5932283356
16500.0,11624.248948252323
10506.0,-97.60036167351791
22110.0,23992.953430885755
9408.0,30058.74737582385
14740.0,27948.95571847391
22894.0,23324.758331029952
26030.0,41198.91010344687
25402.0,19834.969765082795
26657.0,18578.69187951631
20385.0,13218.778436913395
9408.0,-15667.839457925613
45473.0,16629.43888011605
17876.0,35060.920010167225
17249.0,36042.33893379384
10663.0,1792.0823877286675
50.0,6375.5336098838125
20071.0,11680.871286018166
10349.0,9894.977324176245
17405.0,7942.893033427477
82166.0,60659.897217056685
9408.0,80854.16211434705
470.0,15686.123050818569
10976.0,10854.877472516495
8467.0,35344.86845228622
80.0,-10128.68540003203
49550.0,32682.15753524731
11227.0,-3213.969511835836
13172.0,31767.60284888435
46728.0,40078.20950647931
10036.0,1145.286339057864
28225.0,32817.33224745395
37633.0,42398.127730880755
21169.0,15659.547779924338
38260.0,30609.279731233117
10506.0,36930.09530394455
9722.0,1022.3505934537679
8154.0,8495.22589308929
14113.0,3638.6978241185134
7527.0,98262.2540331026
12544.0,9010.461811302335
16500.0,12891.289032644181
18189.0,25082.02362521107
26500.0,30147.094561922448
5500.0,35412.3150353539
470.0,-5171.966903373097
10349.0,-4649.293661294476
10036.0,-28975.890367036816
10663.0,11047.847011315731
6272.0,-2996.414510649789
12231.0,397.93864156368363
3607.0,-7091.47407021009
11133.0,9754.318640314254
18817.0,21426.438947232993
1098.0,-10238.439438615998
16935.0,10751.879821816969
18189.0,26869.96775493483
3450.0,4810.531937979387
1568.0,-6152.750443226483
11133.0,3711.576308241747
11133.0,13825.67932692993
1019.0,-4813.276983998199
7997.0,1815.871616533892
18189.0,20062.283418352392
6272.0,-50.92377147301886
188.0,2409.5960945841216
40769.0,27279.32560726351
157.0,-3845.0731514753643
157.0,7057.431575799317
941.0,-15690.353365830058
627.0,7557.559884096787
188.0,702.8864957717669
627.0,9209.914095466818
45787.0,45943.816467493125
13172.0,13057.03070547049
14583.0,28192.89868930544
627.0,9279.504982955215
9700.0,8203.578956469835
78.0,20068.525462358743
3607.0,12142.419380692423
157.0,-2831.1900184315455
7527.0,15162.874544609138
10036.0,15459.540327836123
6600.0,4935.633448933528
42337.0,82785.48212374654
11290.0,11916.99601630343
784.0,-13033.464580048647
29479.0,33533.46883505433
7997.0,-419.8512940266446
3607.0,-2422.1195863755274
13172.0,5527.197214398511
15994.0,8983.027754689792
10820.0,13860.565777528693
627.0,-6158.58963595696
15681.0,17749.42291072987
23207.0,13002.961287896349
3763.0,505.29419848723774
1803.0,-1376.8545440344096
2587.0,30917.841839434193
2666.0,-4340.598622868049
706.0,4545.873851801181
11917.0,-6022.699761041506
10036.0,14235.385924260318
941.0,4200.250616887934
1411.0,3823.5466497120797
627.0,-880.5005090436098
40142.0,36477.55061973123
6272.0,11728.591477174115
3763.0,7644.404640859921
627.0,-8886.753665844044
11133.0,13683.086021662748
2117.0,-10657.27306085862
16935.0,20523.12301240977
862.0,1432.3971476396036
2587.0,9380.08682977183
3763.0,21.92717091373197
706.0,1295.441732015228
17249.0,22426.387457381934
2587.0,1971.0171031363134
314.0,2592.973471606405
18503.0,11652.61647821109
26030.0,14124.385837362683
282.0,661.8983503553245
4077.0,1300.4739684231536
3293.0,4261.519063186279
1411.0,-7551.958411789121
16308.0,14392.237132963364
9722.0,6273.873964108778
14426.0,8937.49111149412
3136.0,-5409.601753112409
5018.0,-3223.854013706732
2117.0,4197.514963031834
5018.0,5961.982000415868
5018.0,-4261.229760488597
5488.0,-15.69073001374636
784.0,-1905.1081991267129
862.0,-1132.8011550609372
24775.0,21211.360530412378
9722.0,7908.266290500898
1098.0,-4016.556487940892
3450.0,-2338.8509351350513
392.0,6070.927533173526
392.0,-3240.070516363143
392.0,-1948.5016208200032
862.0,-4626.4472402238825
706.0,-7595.508786622406
9722.0,9687.828384624583
7527.0,1114.0868444278967
392.0,-9345.761884129177
627.0,-15704.653495653409
28852.0,34341.9486551254
23000.0,25410.533836292783
86243.0,26905.211979601198
3607.0,-6788.672919631215
392.0,1534.587930051508
18817.0,18775.2845518166
251.0,-919.2889549152969
784.0,-3822.1149858050485
549.0,-4582.315128058239
784.0,948.7950008465705
2274.0,5406.941036801305
8781.0,24085.533984591457
157.0,2242.4017338507692
94.0,-8797.810836692996
627.0,-2740.7960889978203
8781.0,15301.735566675543
18817.0,16572.72366747749
1725.0,9370.317375797
3607.0,-2638.2992238748193
862.0,4236.484276816009
627.0,7103.043601101606
1333.0,1579.1925224911174
470.0,-6894.50768167487
706.0,1125.8456634480826
2587.0,8821.291435578467
5018.0,-3945.699605863105
627.0,-13478.947474244516
1803.0,1200.924285869114
1254.0,52.38870460805629
48610.0,47659.96941602249
1098.0,2229.5392137951058
157.0,-10711.459357327607
11133.0,9579.086402264467
3607.0,-3722.495317627363
3136.0,4666.258661519874
941.0,6715.553704748661
15681.0,17805.35456569422
251.0,-1387.7772039267438
22266.0,32007.018696312407
3920.0,-9611.617029516376
549.0,-3888.0542658620398
3607.0,-4187.551345243388
3450.0,7573.493488636508
4077.0,-682.3939941325807
314.0,-8399.411180064337
784.0,5329.086562165321
11290.0,10421.393277346957
1803.0,-9217.959235956303
3607.0,285.24235214828514
25089.0,43109.482857231225
282.0,-6682.488094681459
10349.0,9889.981733696834
10663.0,11481.807012841036
549.0,-6085.351532759822
157.0,5042.445516736094
5488.0,22740.89478418798
3450.0,-3932.6898064797715
26030.0,36713.93984685506
5488.0,1218.9465207971589
784.0,-2883.4770213652446
1646.0,-3340.5586945631003
7527.0,-9996.988156873995
784.0,20171.093496793455
1019.0,-4938.313318836583
3136.0,1710.071335855282
18817.0,13917.741057941454
15681.0,21482.447867367147
220.0,3001.907148714723
392.0,1124.7413807910416
784.0,1874.1380594329312
862.0,-7287.934827662553
18817.0,13441.006589570057
5018.0,1989.6391697135405
3763.0,3935.1781682384026
22894.0,26643.21090286866
29479.0,36949.29421066824
9879.0,4913.0668777704705
7997.0,3821.2099114072844
1725.0,8822.526815704485
5488.0,4702.363030098648
188.0,-1506.2319658844863
3607.0,-134.4966135403156
7997.0,8396.871899231173
549.0,-9639.286018321625
706.0,920.3834919859801
188.0,8110.071474810582
5018.0,8939.81321428137
392.0,-6457.885297733759
3450.0,3803.9639066985183
470.0,21815.41133345214
2038.0,4050.8052665566647
13328.0,14658.470251701892
8781.0,14483.652949927859
470.0,-10550.908022748088
28222.0,12862.07209611093
941.0,11178.347196262548
470.0,-1025.115813248609
22894.0,29459.67805680984
188.0,-7779.218861964953
4077.0,-9142.797272491793
470.0,18746.25921758011
5018.0,3807.785669056553
13328.0,-226.91853365214047
1725.0,-23696.080255689667
15681.0,18329.9509538996
3450.0,-507.35053524500836
627.0,-5117.506464336679
18503.0,15628.927505602547
784.0,-5872.072878010338
34811.0,42847.57408536142
706.0,88.16845562751405
12858.0,8695.635250223757
43592.0,38972.86612836329
549.0,-8269.136089678534
549.0,-5110.848393699991
188.0,-8688.713205695749
17249.0,36929.712836330844
157.0,1645.5495855752815
314.0,3373.7287007206614
2509.0,-2308.2305483269956
49550.0,38265.334741786275
549.0,-6047.850109494997
6586.0,19325.546748823806
392.0,-10293.557094997996
188.0,-3639.758086213071
470.0,-5537.692445111148
3293.0,-3986.7918478418724
314.0,-3180.7602953417227
627.0,-2288.3974521639248
8154.0,2918.2439746508244
3293.0,-5607.748278890715
706.0,23424.570019585582
23521.0,23507.33292557773
392.0,-7114.088642130948
314.0,-9533.1020397514
34811.0,42847.81368745487
941.0,-1014.6143972478603
11917.0,-18829.185055528294
6586.0,-1762.6436941420907
4391.0,-7905.045227232142
3293.0,-11597.706818827057
4077.0,-660.9804028570434
706.0,-9242.60944513046
314.0,-8600.980310413936
5959.0,1547.2401817961727
34811.0,46504.78038587789
1019.0,-7299.955120469109
11917.0,10683.955662924778
4391.0,834.0397985078889
314.0,-10172.35022461493
157.0,-2479.9275842096977
3293.0,-2201.4526780441374
314.0,-1270.6486504051645
13956.0,13511.176227059623
4547.0,8401.898925331825
8154.0,130186.44566020362
314.0,-4652.287487620626
627.0,8198.575071539282
220.0,540.402996590281
941.0,606.586590385421
22894.0,27804.15245315894
94.0,839.6179914940658
36692.0,29646.861014106827
941.0,5268.754467958199
43278.0,48531.06763090429
4077.0,13233.073761987776
34811.0,42848.49603611718
1019.0,-1954.4015720460593
314.0,3606.1805752883593
941.0,5401.408925311567
392.0,-2672.508253856642
1882.0,8176.09089117658
8154.0,9438.201461184097
22266.0,28892.33845804318
1019.0,1279.4552970818695
941.0,568.5955752381633
941.0,-3263.796667641247
941.0,3008.9707078453794
392.0,2494.7418300941354
314.0,4753.349224738369
22894.0,28804.04475998354
2901.0,-3714.427240155499
8311.0,11578.94280031043
7683.0,7559.636927496893
15837.0,1702.4751178272927
784.0,9823.381168787273
1019.0,9483.514048665522
3450.0,-5407.88360664904
470.0,325.3020769237555
470.0,48031.810425867356
282.0,6519.51858034364
21937.0,29400.91476020618
6586.0,-13871.189132431966
23364.0,22229.914330800184
14269.0,13128.006625714235
10663.0,31910.345471301305
10976.0,7435.088088802779
8154.0,8339.7433761752
13172.0,17238.92339127684
31988.0,29878.626449414944
31361.0,31214.190182571583
14740.0,6397.295390973908
9408.0,399.2057945553606
10976.0,3543.041878852382
17876.0,13028.6597209623
43592.0,35927.17478497655
17249.0,8867.84054863033
6899.0,54168.57475033129
22894.0,22313.728565755966
14113.0,4876.52085205898
15053.0,10439.194192003488
18814.0,16810.523186638802
64290.0,41283.221233570475
10349.0,12005.797338698587
12544.0,-362.9630866042062
11290.0,41265.845386856454
19444.0,56697.0998036917
10036.0,105038.86556262524
47042.0,57656.530136124304
25089.0,26821.31639127625
12231.0,-358.9911796486267
7527.0,-4136.341778108916
13172.0,12345.397024354657
3.0,-3833.2290823202566
11400.0,54970.114442952574
12231.0,7748.3752406226595
8900.0,-2743.035135697719
21012.0,20118.193577167902
12858.0,44978.22317638966
15053.0,48436.87654379753
10976.0,21605.93901552241
13485.0,10562.865624607744
9408.0,-7863.171047856988
14740.0,3929.8571622574527
7840.0,-4594.820874124234
24775.0,18530.07108064873
23521.0,28220.41092448866
23521.0,27261.735091365943
15681.0,-4928.159769625112
21012.0,17906.256335308204
21953.0,14434.081156507858
23521.0,24023.213655637388
36065.0,43379.70800497322
22894.0,26776.794654393
14800.0,9669.90699864211
15681.0,36029.53226739439
7213.0,46077.002320197586
35438.0,53343.29267978639
15681.0,13318.50069436572
10976.0,22452.093291681747
7213.0,-976.0150910325319
50.0,-7162.402800721931
8467.0,789.8200842050646
26030.0,28994.77199927572
18817.0,37881.78643885972
12544.0,11028.907514711096
21326.0,17792.157027567988
15681.0,30556.12560353758
19757.0,9742.505698267989
11447.0,37084.25583172465
122308.0,56581.52540510273
43278.0,44124.817792835966
7527.0,424.78866460324207
18503.0,13168.388252129062
19757.0,29189.168966796577
13172.0,863.6840468963783
23521.0,19666.61900672088
11917.0,36183.91356856812
16935.0,7181.298114789293
25089.0,31053.844856321022
29793.0,30844.384784775648
25.0,-4193.7224140460385
11917.0,6922.436242642027
61154.0,50334.23165006143
12231.0,19780.92562705935
7997.0,52007.37830402099
5331.0,98296.85336569493
15681.0,14055.17738659975
15681.0,20027.248824845236
26030.0,23033.676119289157
29793.0,61177.52203315617
30.0,33406.994470078476
30.0,34428.42156861156
30.0,34199.03283414651
30.0,33177.61821659979
5959.0,103596.70907950719
10036.0,2948.944069496494
19444.0,9193.920179807385
27284.0,21471.655345742074
14884.0,21569.08480315397
20005.0,32074.812912612993
21181.0,26560.616835025354
17942.0,23459.7647819865
7840.0,-15322.324138609969
16010.0,22920.724796685572
15718.0,16486.273133111423
22947.0,29763.715409997378
22649.0,33383.53807997697
16148.0,21727.764626008477
12585.0,17112.91680459156
11807.0,13345.294598606073
14686.0,16115.752197911632
15530.0,27137.84432564537
13231.0,24330.927871235443
15681.0,13120.410731909302
26149.0,30721.783288087594
25591.0,27256.18408518158
24709.0,15980.217579662654
24709.0,27432.146752802957
23239.0,26732.202831541632
22649.0,24666.97503139483
16621.0,11231.528741151931
25591.0,36414.58123603787
24920.0,30893.90561459028
22843.0,41238.13355848007
20005.0,22192.929285047823
20266.0,19961.93024694455
28532.0,44721.303094879695
21181.0,20198.94719466141
3607.0,303.9121641868551
29166.0,42194.62879941324
3058.0,-2770.395409253513
49459.0,36314.822371637616
45633.0,46080.34789629168
39750.0,45720.095228547456
36808.0,35989.84720532213
35338.0,31864.04323281561
23207.0,11390.893862366735
32035.0,36598.32665065737
28830.0,30234.099221787503
28241.0,52649.124163605265
42667.0,40865.215814571966
42102.0,30171.508694932032
42102.0,58814.95102327713
42102.0,54981.80774800227
36197.0,44862.11435884051
27356.0,37223.8655323411
27065.0,32599.904127598547
47076.0,49941.63904182806
38251.0,42308.96197279691
39161.0,26815.601863710977
27033.0,26849.166364583416
26180.0,19350.7670799386
25889.0,34711.890375602474
38869.0,29267.40201367765
25889.0,24933.2275166838
23239.0,24643.92100773746
26475.0,25412.521708618195
42692.0,45099.51477708172
40634.0,52363.741647631716
40340.0,37687.18442502962
40634.0,40041.453231036656
25889.0,21518.1945494047
25889.0,22067.141203070838
42171.0,57512.977612851166
42171.0,29496.91506533581
25889.0,20357.32291105497
49751.0,38348.381818527276
40362.0,37574.733210004684
45633.0,47570.97949013163
45342.0,48259.43324888362
43576.0,48580.34793587935
42692.0,46017.48700686754
39750.0,46741.934732106296
38251.0,37075.34998817365
37984.0,40095.52857419723
38311.0,27486.623060957903
39201.0,29754.17708708013
34419.0,44718.340255685885
35610.0,22652.335460138635
32035.0,42212.99587580348
33230.0,32624.975227216644
28212.0,29686.939802225228
31744.0,47237.45878738337
22947.0,27117.46718022494
40092.0,36808.84973164611
20005.0,24197.867014343734
21790.0,13363.17552380294
37984.0,37909.28424722709
42667.0,47334.50847538879
20266.0,23229.719358385635
28482.0,31405.806167868024
24029.0,24483.716229319136
44752.0,41041.98751809366
21357.0,26854.741053759524
21739.0,29923.283941305344
39750.0,46326.46580285724
22298.0,19331.704345981274
18826.0,25051.83886025646
27105.0,11119.28835259776
9252.0,30505.79560693218
9063.0,5073.16655860997
44003.0,52363.85069203888
39085.0,61296.69536220991
22894.0,17895.19598049109
43576.0,39681.958761043184
42667.0,29983.735135978593
43281.0,61498.43415336216
15866.0,5268.785910861072
15423.0,22209.53749486546
45633.0,38965.76260114521
18817.0,27848.594277045715
18346.0,18940.18608502629
44166.0,29983.754842799164
43281.0,38047.84686424504
16091.0,-12174.679346960256
15825.0,3472.6618333298975
19613.0,9680.329216750211
10945.0,9431.965395070427
40183.0,44619.124145081114
26306.0,32547.861361693995
30750.0,30588.27045721625
31581.0,32839.72499031108
34108.0,39331.216450151354
25763.0,23742.736822650244
18669.0,24154.535031925487
43655.0,43326.90532556448
44752.0,44030.503427381875
29122.0,34371.76344842741
28927.0,30981.48228311514
96915.0,36661.00596498929
50184.0,56490.27367166584
48998.0,37767.597274539345
45436.0,70509.1947980918
43062.0,48139.51970440181
41547.0,42849.46668494945
23408.0,31013.3542418463
26343.0,30655.594055405814
38838.0,49068.50741529381
40569.0,49297.991727838635
26861.0,33786.7930918784
36865.0,37956.49839522714
40976.0,49480.87711026615
35579.0,48892.14373524263
89482.0,35691.61300609012
23235.0,23552.92329728074
45025.0,50269.05256653466
31361.0,24614.564785575607
37476.0,46737.74143213636
42692.0,47954.64726344075
9164.0,11441.177032640986
14909.0,16838.339549822755
15530.0,15272.524450540506
15530.0,10968.318186854736
13978.0,10262.157383279944
16935.0,17747.081895137668
8467.0,15868.333290536244
12720.0,15130.760607987264
18817.0,16902.32427968962
15053.0,30041.900251505635
15053.0,10151.417536406825
13808.0,4793.451236597837
13172.0,2881.780170433056
10976.0,14132.421378255738
10349.0,5683.013199501183
10036.0,6146.652628659787
6586.0,10183.026133348056
6837.0,5431.284034750715
10036.0,10943.62049867617
10036.0,14268.028894970757
10976.0,2516.3097772710753
10663.0,10634.584084655278
11290.0,6691.761173221417
16894.0,21972.818291430696
15718.0,17972.46830254475
16599.0,11498.379939524904
6429.0,7543.073558666216
14247.0,9347.220694898977
17035.0,14354.03000535824
16443.0,33174.93855714228
15257.0,11814.89843936418
14069.0,12377.28784230323
15367.0,15717.698770177725
9252.0,12573.314485407445
10036.0,2321.294761590507
10036.0,4773.821966316915
10036.0,8125.470995860433
10663.0,10359.232462815798
11290.0,5269.200570401554
8467.0,4924.940928844015
9252.0,10576.268369777808
10036.0,13237.923175296459
10036.0,9088.074026033752
15367.0,14353.0045356989
11604.0,8290.871164845845
17158.0,27169.393990149933
23104.0,22526.957609919522
22273.0,21912.553643988787
15053.0,17146.678747755675
9252.0,13835.843477911574
10515.0,16286.383160597434
9252.0,12289.909621145718
11604.0,4456.547385394246
15367.0,15660.8768339792
15681.0,15955.565517789695
11604.0,11643.7927687187
20297.0,19672.067264004563
9252.0,7394.410580603046
11604.0,25290.568059251425
9252.0,6763.2784346029075
14906.0,16878.70688382176
11917.0,10017.345147331773
10349.0,9193.838077065917
50018.0,32809.129428516964
50341.0,34592.96711241665
45044.0,44948.51543461985
44134.0,40065.61032797991
40926.0,32946.13118466086
38251.0,34729.1373456139
2822.0,7982.540758661788
42987.0,38622.87246189326
42987.0,40961.545989214814
8781.0,-3506.8088696435516
49431.0,35946.65475667799
50018.0,34973.50976377623
47989.0,36628.15952662873
23521.0,9673.011590980306
3607.0,50569.789669409656
22423.0,40685.22625998414
39201.0,56215.26234811997
11604.0,185873.69145057
28852.0,30482.65564972565
18817.0,20467.196919396207
6586.0,658.2531429677983
30.0,-13886.124523819351
8467.0,-1008.8275876311673
15994.0,7474.7709422331645
25089.0,20580.17226400658
23000.0,38728.775080539344
17562.0,14711.063701868108
17249.0,36916.321670959915
21639.0,22112.560400798367
30.0,34202.46888253677
10976.0,-7823.16462793613
4704.0,53158.651114212844
3920.0,17799.874247468826
4180.0,-869.6186952299613
7260.0,5415.092048705723
10192.0,6029.7383181750265
5893.0,33356.52759574901
4180.0,-4091.478065118601
5959.0,15335.350323437582
19757.0,43588.2365325523
30.0,-3197.1294177827513
8938.0,31364.17470445812
10976.0,21859.392880418258
10663.0,9264.002979947316
9408.0,8104.260569716884
23207.0,18905.51185978996
29166.0,25064.364791485386
141124.0,34705.45952453367
30.0,34662.51645605274
30.0,33680.54479070264
10349.0,3057.4541676083463
14740.0,11086.983830274807
11290.0,1427.3642407932275
7840.0,3180.64067672447
17249.0,23881.7413691518
30.0,35351.10619186668
30.0,35121.6233573334
30.0,34892.139537459094
27284.0,34267.8427032089
11290.0,35608.63746892041
627.0,5214.933949056358
18189.0,16309.623837247185
941.0,-1073.6908611353865
19757.0,4798.170999903683
862.0,18291.840705133975
1490.0,1202.3345046878458
1411.0,12102.197123831997
8467.0,-3762.2889634564563
314.0,-1774.5091441885525
282.0,-2746.274259560094
22580.0,44435.16700524349
8154.0,1826.793371281463
11917.0,-2272.5987357283593
27284.0,20099.30717582168
13485.0,-4741.973811860065
15053.0,12670.909099120687
15053.0,7224.846069259333
706.0,-5278.5384132420295
4861.0,-8112.079067544451
1176.0,-6057.539800041712
17876.0,21370.75979689107
470.0,-12575.107891352563
314.0,-3489.177031134859
470.0,-5556.482552980997
200.0,-17222.49274508957
12544.0,26062.230246919644
53314.0,42633.923126517155
9095.0,-768.3658616053872
392.0,-2925.7624226791813
34500.0,43175.84723388936
5331.0,2952.4190431958705
3450.0,637.1261533936267
8781.0,18725.243868910275
19444.0,12889.199020643518
14113.0,31459.025671457057
11917.0,33970.95698318791
50.0,39249.382177057356
7213.0,55149.5095909606
26657.0,25802.235763140292
17249.0,19303.121698861647
8781.0,54219.16535110516
6586.0,3527.8251924832803
1700.0,-2863.815617027183
1176.0,16.426315811775567
20385.0,18681.522717835513
9722.0,29362.447197777765
314.0,-12415.13653494385
7840.0,48429.088937976325
1254.0,-4644.59904849442
24148.0,19667.88547579756
16308.0,13437.966543909552
31361.0,11653.774050352546
26657.0,40156.372328854566
10036.0,5675.379430578323
1568.0,2909.3759091174725
21953.0,40043.310999417925
39201.0,50119.57601122202
27284.0,36240.75665188591
706.0,3694.443001632819
10036.0,19551.97893473749
8467.0,-23488.830061003195
29793.0,33459.715311858454
22580.0,21327.593287823092
3136.0,12448.232989705604
941.0,-5667.5838974975995
7683.0,26220.810191484685
941.0,1963.1004195550486
862.0,16427.24536811821
19757.0,24593.300000953637
10976.0,9868.04692979898
549.0,-663.2200637581409
220.0,-7741.130854645729
188.0,-4201.065354401733
41397.0,46223.190428477865
1725.0,13255.039546646258
314.0,13698.614570740552
14583.0,17885.987562515675
6743.0,147126.30499227293
314.0,1774.2814987931488
6586.0,7144.3374885628655
41397.0,59249.265482962954
392.0,1822.5088382607282
18189.0,14374.92934102138
13485.0,12247.858178472881
862.0,-14966.354566504982
9879.0,4114.090513816169
10036.0,23227.17298770348
16308.0,21414.8432257377
5018.0,18429.415221278137
2430.0,-8929.7618310549
12858.0,14012.555687496519
17562.0,21650.808157776897
549.0,39393.03303988369
282.0,2630.642479061389
20385.0,29819.56211978222
47042.0,48837.780942962156
12544.0,8429.75585281221
862.0,23802.692201505175
21639.0,16162.46922244045
12544.0,12037.54302455981
10506.0,4431.228119849802
3500.0,2026.5882392538551
1333.0,1257.2431381675779
7840.0,37115.577715019535
15053.0,19934.510549609222
314.0,-7634.137001582574
549.0,-3235.3004658755744
30734.0,69544.38539459754
9722.0,27653.710245382823
14113.0,25208.4818192916
24462.0,27905.073120568057
6586.0,-3248.016419723426
5500.0,-12939.957186337415
17092.0,12866.400283650419
7840.0,-4521.54690056455
24462.0,21889.691205985437
14113.0,10435.654757075863
21326.0,29215.929361523602
5551.0,1203.6775541709285
941.0,8022.379990554822
549.0,39393.21926933809
282.0,-541.1890602873536
5959.0,-14501.523686171386
5018.0,26523.40854727631
16935.0,20217.571602548644
5500.0,-6673.0068933371585
1490.0,3500.5747987486247
21012.0,20086.612811048075
7840.0,17457.154987644535
549.0,19822.938910956407
2800.0,1833.1092557506781
4391.0,34052.00872622043
4300.0,-3771.6626563756436
23521.0,54589.46380208211
23521.0,19791.81564627285
34184.0,33517.457135379904
25089.0,16016.928952271588
14426.0,14393.990421892355
21326.0,12457.784720553333
26030.0,50008.3755973139
188.0,9140.958290222035
6743.0,4543.980990200369
12000.0,26490.08344491102
7527.0,68524.69091491791
34497.0,22868.053320074316
706.0,6176.570638225727
392.0,479.4028636272924
20385.0,17848.117699005015
1254.0,6006.424673010704
188.0,-6716.7740620116965
7840.0,12150.40172507564
706.0,6593.83032511214
2587.0,985.0753675993546
30.0,-14065.852200194015
5018.0,22536.090281445184
21012.0,24051.76976414415
157.0,-11089.742853539901
53314.0,20500.81918930213
20385.0,20995.937156404558
21012.0,22305.23301037628
10663.0,6313.023708287077
6899.0,585.6861882250741
94.0,4432.5774784477035
7213.0,2053.728782584534
11917.0,46014.70540569293
8311.0,3170.070583432338
32302.0,28700.538766005302
12858.0,6564.049513851292
470.0,-1850.8316316759374
4800.0,-19400.67755013393
314.0,19532.521810747487
784.0,13555.078190288186
872946.0,41104.57900046884
26030.0,48955.48303297351
18503.0,24302.909924698837
282.0,1944.5873847245093
14113.0,9759.050481059425
10349.0,45601.292366757254
4000.0,17880.487202461594
15681.0,25448.568296143327
3763.0,-17418.807532229686
14426.0,9215.512085554376
18817.0,25790.497079879577
3.0,15032.90809931211
32929.0,36113.07883411203
14113.0,47387.77843913926
12388.0,10868.048879092883
9408.0,26614.346263390576
14740.0,136383.9012702249
7840.0,2792.6221355285525
8467.0,39150.503914428016
3136.0,-1141.0530935376592
9408.0,2453.4697753306173
12544.0,7343.358348629645
4547.0,19242.424748541307
220.0,-6608.955347337789
50178.0,28319.515099350858
6586.0,1246.1206114374145
784.0,-5303.844485494112
2901.0,-2029.693841744789
3607.0,28770.834305367636
4391.0,1471.3365294371906
2038.0,-1635.3424434001718
12544.0,6401.684438645592
4234.0,1639.8877918286598
42651.0,45049.37648059951
19444.0,16041.425610204395
1254.0,-4822.051115339804
706.0,-210.37527621601475
20385.0,14326.24389741649
6743.0,-1739.6347244808057
43905.0,38941.79719018542
3450.0,20354.032551582815
2274.0,2115.8920416518595
6500.0,305102.74692674255
549.0,-2901.0066645629267
81539.0,32732.178732548782
30734.0,37432.21596291502
4547.0,1145.9644571966128
6115.0,-6208.340543225604
392.0,-4196.572524703901
3293.0,-427.66234892873763
19444.0,16278.88358383259
188.0,4660.097310335674
14113.0,21159.54528258951
16308.0,-2173.894860376611
784.0,13177.704535269557
125.0,-694.0682948593676
13642.0,39720.5109695876
29793.0,38563.461949513265
10976.0,35394.88416218138
12388.0,7632.895041926371
941.0,-7479.864198936433
9722.0,1036.5955992941526
21012.0,6576.093306914594
314.0,4076.9654576895846
26971.0,30846.4830489201
706.0,3676.522901043907
941.0,-2502.608329869334
188.0,8572.559018380907
15994.0,42170.47838794132
17562.0,14046.902590799255
30734.0,32907.51968280059
157.0,5106.043556004988
17562.0,22357.604237928696
11290.0,12836.261677083214
7840.0,-7350.988436589942
470.0,-1192.5185873763985
1176.0,-5825.20664691479
94.0,-10622.09020424285
6272.0,31880.08127055123
80.0,-6112.592912072978
3763.0,4546.619579241997
314.0,-2388.1126018537325
314.0,-18793.912073033665
15994.0,41561.09593337087
16621.0,39224.33092092833
862.0,-3344.478524864069
1568.0,-4261.763654140326
9252.0,3653.077306272993
49237.0,23732.467634643814
4000.0,64770.26783131944
1490.0,-2660.6811473340713
7527.0,22033.89192239501
10192.0,5281.2732056672685
1568.0,-9761.889733932025
4861.0,-1539.5368719863836
31675.0,36812.59542113024
14583.0,4430.58744328827
21012.0,20202.686941146352
15053.0,7082.709017803412
220.0,-1667.1412406546806
3763.0,-4710.32550746591
30734.0,36408.37556454986
35438.0,29271.02073292309
31.0,-1108.3557812164217
549.0,-20450.214295012862
470.0,-773.3991474823051
2195.0,2106.401388658487
627.0,27026.539393681698
5645.0,16166.770748603609
11604.0,6067.751475221543
4861.0,1556.9691874205164
706.0,14160.838560112872
5018.0,-722.2384881453982
7840.0,318690.615338232
26971.0,32557.716396203283
32302.0,48187.762364877366
220.0,-4807.981833681617
941.0,-5614.733706940904
6429.0,9421.643361457602
3450.0,-9336.27504145207
2195.0,15800.391677794032
17249.0,17751.99675128374
314.0,6534.500964028877
3450.0,-3033.057398655961
1646.0,-7378.500932244904
862.0,-7132.557471567372
22800.0,21453.368327862772
4391.0,-1640.2736929589155
314.0,-1596.089562825131
39829.0,50376.450686498225
1646.0,-2084.326752997258
314.0,5445.903073507732
9095.0,2808.1676454877597
3500.0,28104.7742942814
470.0,2548.8398448821463
5645.0,47703.082235781105
2195.0,13448.569443041444
862.0,-9547.79245295118
2901.0,-1496.190466373875
8938.0,-4278.499853525667
16621.0,5703.001412747653
20385.0,19427.547996670884
549.0,-3243.030782890135
7527.0,9742.585389535077
220.0,795.1191995157278
16621.0,17663.37556810828
26030.0,53031.64894582021
2038.0,-5788.018313077533
1568.0,883.7694880538693
13642.0,36888.89937902533
12388.0,15822.32760683693
314.0,-9272.260870166465
1725.0,-4178.024397846173
12074.0,28913.751132683556
14269.0,28600.899297266118
549.0,-4.235290753087611
2352.0,11177.27752962806
23521.0,20786.472015595293
11917.0,24190.174899214173
314.0,17497.044380090272
125.0,-1269.4041793116558
1568.0,4254.828844994074
251.0,8040.132047634332
14740.0,13529.35198578782
220.0,-1317.239195732931
220.0,-1287.817070567784
627.0,3215.3517380857447
19130.0,23630.89619780839
12074.0,30916.180243147475
941.0,-2284.5352148349193
25716.0,14683.835282615983
470.0,4240.517450286738
4704.0,-1776.5901136999528
314.0,-2248.7045114307693
16935.0,6613.967086680088
125.0,16844.698039435127
392.0,2283.0448603871046
56450.0,42882.98110395447
1490.0,12478.6148174985
125.0,14515.17566144948
9300.0,27717.153545733592
6586.0,-806.364488091589
251.0,16375.590631841871
282.0,-6759.659766292993
16000.0,-2945.6392777810543
3293.0,2414.1303371974354
1725.0,8121.138906601314
1490.0,-9459.869836838647
470.0,-1072.397918882125
941.0,510.53572481796436
29166.0,24433.208543085042
12074.0,7230.546871502964
188.0,-7038.646880031651
627.0,-2535.490993730702
8154.0,13255.472957527105
1019.0,645.9400463903803
282.0,7137.676113514055
21953.0,27392.92002504426
1568.0,-4807.3485128344255
220.0,-12645.060321455254
8154.0,2486.9018979034227
29793.0,42694.18445624199
16621.0,12081.61446605199
12858.0,-4896.449813594074
18817.0,15710.225184771785
188.0,-11135.02557209858
251.0,24960.26753895524
5331.0,39797.79812986038
5018.0,2559.4912994697515
22580.0,13781.748461379313
26971.0,29426.478715938603
314.0,-7033.529887561919
10349.0,-13395.697903283348
11290.0,1972.5611722817048
862.0,-2785.0874072620572
1411.0,2262.4736496874975
14113.0,48194.69017939902
188.0,24973.927023750926
3607.0,-3694.714419503536
4861.0,2259.8977197378044
12388.0,12804.875383478218
706.0,-2677.207146245084
16621.0,14210.715206973699
627.0,3478.4356990153174
40142.0,47601.12847819885
39829.0,48862.98496234906
157.0,4406.2070143778765
1176.0,-8400.883468890323
1882.0,-12926.129558871675
392.0,-4617.247481249309
32302.0,28656.350785160015
18817.0,20449.560303116228
22580.0,12473.630654858775
470.0,1001.6490449719277
125.0,-5288.380149083045
1568.0,-4067.3885160545397
12074.0,34880.578626214054
3763.0,-21102.207323990202
23521.0,26694.069180440907
5802.0,2343.7619108609215
392.0,-29673.980456388832
1411.0,406.64861290676345
627.0,3793.4566739906004
1019.0,-9747.321799850004
314.0,-13959.896184679477
314.0,941.2900140632919
314.0,-14270.458591907089
19130.0,17305.703286586293
1568.0,1570.3910643665004
5018.0,2085.015350516267
125.0,16000.043385680314
26030.0,47190.18477553507
314.0,-9129.128536239703
9565.0,4469.9860938780475
10976.0,6892.855266115446
25089.0,50743.084578499234
14113.0,15641.410404861876
5018.0,-2703.919982705709
549.0,3288.5709964183916
314.0,-963.0288655306722
9408.0,9559.85533907306
2509.0,19019.73190739273
4704.0,-6620.75970785063
125.0,-10441.439198559434
627.0,-2931.227889230431
1646.0,22013.23543468557
9722.0,9052.40465691523
5802.0,5019.895079482812
941.0,-9022.527515632719
470.0,-6034.735966538385
22580.0,27881.12501959717
314.0,-7862.45571692181
314.0,-16104.815768674627
1019.0,-9198.94903964724
470.0,-2063.168308914901
25089.0,24431.596711196828
19444.0,27309.611239620903
11604.0,45367.642172502376
1411.0,4352.42695772789
627.0,6679.127298789732
314.0,-3702.5310471736666
9408.0,2678.2812136074426
5500.0,-9711.671114889228
314.0,-1765.5144383582228
33870.0,39205.353306949175
7213.0,24273.610402483086
25089.0,26183.517943544546
20385.0,29651.010753582457
13485.0,4110.499349129059
39829.0,60026.9730620466
26030.0,13252.628688886325
8154.0,2213.9949114478513
62722.0,50119.02901398154
14113.0,-6608.402918352804
15053.0,5559.403572826835
22580.0,22038.76838929041
40.0,-6283.281767842775
13172.0,8086.617655070204
18817.0,20436.95668078402
6272.0,58783.806664842996
17249.0,16256.634410756382
17249.0,19352.68857000002
1882.0,-469.34825976711
1882.0,-3096.8697553097663
1411.0,155.18065836022288
4547.0,8182.057592465462
392.0,-2661.8537345199948
100.0,-18318.333088328967
35.0,38246.86075163072
4391.0,-374.5599241485106
36065.0,51766.9176918687
1333.0,-6934.4507205138
470.0,3725.3854063257168
11604.0,-3160.4472623385955
21953.0,36433.82976871621
1725.0,-818.7386075666727
4547.0,3981.905879488564
8781.0,4140.443162367592
4861.0,-5168.5827838807745
12544.0,12609.234206456204
470.0,-3910.239603374008
15994.0,20078.504959662576
3607.0,21221.703680844275
470.0,-4358.309689477806
706.0,13489.692066922493
4234.0,42119.16877336965
314.0,22238.044902174457
15681.0,21013.77809999291
314.0,26528.18063483393
941.0,4842.999255145558
14426.0,23440.397210935724
18189.0,14384.922962713572
50178.0,13949.493413794327
40.0,-692.3555936323319
15994.0,38461.32217186432
314.0,-9413.51354680286
5018.0,-2396.7717219456827
16621.0,20013.50006863368
470.0,9354.367979403949
470.0,-4266.890717063012
627.0,1111.2599286606128
10663.0,52642.93217911791
157.0,-2201.97441878642
3920.0,-1831.1857686736403
1646.0,-5423.390243011796
392.0,4233.755995676707
549.0,6310.589311891446
941.0,-7834.732593996807
251.0,-993.7659248534692
4234.0,1059.3020673879073
188.0,1390.1918721971815
5018.0,4501.35097099642
94.0,3864.6989124984175
6272.0,87407.08817227828
15994.0,42391.593242420066
30734.0,36370.71666533
1019.0,-83.71337462031806
282.0,-1989.723084815494
4547.0,9160.29791545893
16621.0,18369.082994604923
3000.0,20217.641120618122
14740.0,40203.77155480431
627.0,3346.6890132015324
22580.0,17128.42598804916
392.0,-5002.557714080773
314.0,-2699.063505253187
16621.0,17280.300548373238
23521.0,22125.290321109685
9565.0,15467.53632457117
81539.0,32733.648040245935
157.0,10753.25600601489
1568.0,-5536.955130146271
30734.0,46466.53336194973
9565.0,3214.9856456169728
26030.0,26155.807684904452
314.0,-15447.644179112795
4547.0,58089.56355904073
64917.0,31871.009928183055
9408.0,-15561.267376658776
5018.0,86163.34464356511
314.0,12802.590237244513
314.0,977.464635647957
314.0,-10446.579108119447
8311.0,3281.437801667933
1098.0,-4492.856168900347
17249.0,16322.67937387876
314.0,51118.7634441445
941.0,-5705.39611563932
12858.0,6175.969847602428
1490.0,-1300.0775391639108
39201.0,41748.469604901875
470.0,-617.2878975426938
5488.0,3971.852128619372
17876.0,19541.43656969104
26657.0,35033.79221856816
4547.0,17892.68808251449
627.0,-3621.250086594817
6586.0,42123.418457442545
26030.0,42012.0582770164
800.0,-11146.217614642905
188.0,784.1050225103972
2274.0,22229.894518536184
12544.0,2526.704257443802
26657.0,21990.161843618673
17249.0,18729.460214554423
188.0,23695.00133386896
3136.0,31584.96774190125
11917.0,12704.964798217472
1411.0,4849.623041503524
5959.0,40087.51652651028
392.0,-3259.463131305107
627.0,6400.653481745991
4861.0,923.0209338655404
30734.0,41334.99198387663
4861.0,3453.0457508378604
13485.0,8435.90010902338
19444.0,20202.782635714026
1646.0,-9088.809308165772
1882.0,-13841.92520789957
3607.0,8499.902121022526
2587.0,-4205.49298560957
12074.0,76810.72123662452
9252.0,7788.97284094803
706.0,2369.85517839143
392.0,-2149.2279058184213
1490.0,3344.0077685621
188.0,22031.15506203877
627.0,9439.823623959906
314.0,-11457.67500416458
314.0,26316.00434747731
1646.0,-10696.993198393357
59586.0,56807.03382118902
627.0,1190.3589753970518
3700.0,44718.814256594946
1490.0,-14364.92030452269
2979.0,15911.716137206196
392.0,18171.00482566017
549.0,38383.4020898561
8154.0,1781.629914541707
10349.0,7493.308563256749
16935.0,19911.1167664703
14113.0,19346.0283205718
163077.0,29582.08161670556
7213.0,2290.9100465063893
3000.0,53585.81408698058
15897.0,7154.389192705847
11290.0,8767.315458546553
3000.0,-27664.305914080018
7527.0,-15307.595329959964
17249.0,10961.604463560103
4861.0,68950.9515991894
10976.0,67507.48468697179
12231.0,5364.637449911599
23521.0,26037.68050345002
3763.0,26873.925186768254
14113.0,-2192.2698468065864
37633.0,32267.624901787403
15681.0,-3549.90699076499
5645.0,2200.182904786867
21012.0,25528.57453612403
8000.0,-1010.4634492985424
18817.0,35674.69283784244
8467.0,35024.74867675054
18503.0,14992.570844066428
6115.0,76189.44421610722
19130.0,27573.322878236188
18817.0,24603.42210800809
22580.0,38386.295226622155
8300.0,663.6362465985367
6272.0,-1077.2638358244367
13172.0,4588.857507632638
13172.0,4131.074007957453
7840.0,91051.54221551747
13485.0,682.6769681811493
10976.0,24087.9068822981
19444.0,29464.294580817674
6.0,-8699.501076952918
31361.0,27499.200999955217
16621.0,12180.765382497502
20542.0,22180.250682909427
37633.0,44469.66256009352
2300.0,23475.292912152487
5331.0,36697.459479947225
12231.0,8290.715571473065
7213.0,4686.443008160204
12231.0,5466.784414412265
3.0,-261.5773227304453
3.0,-1994.2668405463555
19757.0,17774.46315777631
26030.0,36221.549268857
11604.0,78203.49797237708
9408.0,51992.8929958377
26657.0,61835.016991931865
10976.0,4948.380513259239
22423.0,12964.2868948287
18817.0,14588.674967029314
20698.0,23412.816555313304
8148.0,-2863.9349872313614
40456.0,39328.81960273339
8781.0,19128.20281177864
16935.0,15529.922321737464
10976.0,-2381.352283624852
14113.0,8728.70634307879
14740.0,11134.579683243152
18189.0,16159.355333420717
15681.0,8728.905485630745
8467.0,-2914.228670237251
18817.0,14073.427406970954
17249.0,31602.791458430565
15681.0,36775.89649294839
25089.0,15433.138654377995
10000.0,66380.70851542486
9095.0,6083.136715112378
18189.0,10291.817046023672
7840.0,27353.760932842626
7840.0,-2380.9794725206375
13485.0,5203.980862229575
6899.0,-5879.667475831222
4077.0,38578.80083781918
13485.0,17318.83448480887
17249.0,8364.546248292972
16308.0,13872.05505848474
12231.0,-26107.306123594113
43905.0,42660.04408940934
12544.0,14915.393769298473
7213.0,31593.356332400468
13172.0,4865.735707658372
17562.0,10096.550580359522
19444.0,600.1305279787557
12544.0,12497.900964695644
20665.0,32334.055555253042
29793.0,27721.02670079541
28225.0,38857.64491944998
8311.0,8970.889788609125
23521.0,20605.57724988704
7700.0,146870.76196280404
12231.0,-8038.286891570882
6899.0,72244.43030051742
23521.0,21736.97071077066
7840.0,21316.910258325297
12544.0,-2539.7130958143534
8467.0,31011.5242422816
10000.0,3304.031538672629
18189.0,20981.772537848505
20385.0,14659.81625680743
7997.0,4805.497296483023
11917.0,9809.011324862822
13172.0,118177.44034923958
5802.0,2848.5937355181013
17249.0,8004.324323433477
9408.0,-16941.145455079044
14426.0,8608.49812449469
14113.0,28656.733021702606
21639.0,17978.205339326567
25716.0,25600.044164626757
6899.0,-7176.570580750624
8154.0,-799.5355635358937
14113.0,52778.79857016208
11604.0,7681.236561957427
14426.0,11094.132837716617
16308.0,6054.543197726576
7527.0,32412.61770591503
12544.0,33420.72878771467
2600.0,8718.925350833379
21326.0,27001.802233661652
12544.0,-1822.032610338647
10349.0,13260.080387977447
3500.0,78705.71709929316
23521.0,18977.469435394796
26030.0,46992.73289352058
4500.0,41180.24101086527
7527.0,-2523.2416506670925
5331.0,8642.201333652225
10349.0,3454.495091938683
15681.0,-6584.556188101073
9408.0,62323.25801875071
8500.0,29941.126061070954
7000.0,-1105.6541273305484
11917.0,33582.03476030972
16308.0,20717.504031880242
48610.0,36255.08487230645
4704.0,49748.95025933662
22000.0,17447.69631839531
7527.0,16437.91818048144
36065.0,62086.28286630901
40456.0,61080.66733297269
10036.0,9104.071428650379
24462.0,33114.67116159084
7840.0,30011.640353872725
17876.0,20060.099562294916
10976.0,12753.089853507234
20071.0,20119.103417014718
1300.0,34.80022134684259
23521.0,15160.600613703798
22580.0,17130.32640103008
21326.0,25540.22633888142
8000.0,-6847.293972165404
10976.0,28041.164835894924
11469.0,12172.743883037678
11917.0,24085.33134125156
4704.0,44680.36707203365
15367.0,14044.574275043204
18817.0,21881.721669979463
17249.0,13219.237599609241
21012.0,15004.727054411378
8154.0,5310.640464231852
2600.0,34420.79459379895
6272.0,-8228.321681944835
12074.0,1658.1056481970518
5959.0,60487.80790477501
15681.0,6804.04473998323
24462.0,28938.14678130673
10036.0,-1183.2624423730813
26657.0,24446.23601096886
11917.0,45168.78316373427
23521.0,33123.55358859057
7840.0,1215.866616625026
5331.0,42177.085774614505
9722.0,9069.669373597015
17249.0,38048.22206003594
2700.0,54362.43775199007
31361.0,35863.12111046175
2500.0,-24769.405480884547
17876.0,20353.638984344965
16621.0,35182.36293640928
15994.0,22114.444732861783
17249.0,17701.34468225609
9408.0,4755.898099038073
1111.0,-9555.512041373135
18817.0,16555.19540313512
19757.0,62855.21621330398
29793.0,24778.828274973515
14113.0,14738.127967079028
17249.0,16925.62838192422
34497.0,42565.761563779066
10036.0,6547.587317983765
19757.0,19279.755506969992
7840.0,41415.09030057814
36065.0,39525.449659739206
10349.0,6351.312315546773
17249.0,12727.52578089813
4704.0,113507.09656274077
5959.0,-9888.427239516612
7840.0,6127.120148917966
7840.0,-12852.767667727596
11917.0,10493.609676300082
3500.0,-30342.20899081156
11604.0,36230.78338323013
14113.0,10124.469739559117
700.0,58441.9844654506
9408.0,-4906.064220317385
12544.0,-7060.158988038478
5488.0,-7868.803824204799
13485.0,4106.525947159222
10976.0,58567.187693994136
36065.0,32380.922318564335
30420.0,30803.738289356657
15053.0,10037.1285551033
23521.0,20655.06641267789
21953.0,19993.67405216854
8154.0,31182.230967655472
6272.0,-12752.991637013904
18817.0,24567.462466109835
12858.0,7942.753102498042
8800.0,-212.28628489590483
8467.0,25715.98426434312
25402.0,15595.126675076459
13485.0,14930.921728291658
5959.0,27233.18422196287
32929.0,22437.089436195783
40.0,-8869.267036207588
10663.0,4578.1295404997145
16621.0,20868.38800553944
14740.0,19431.03125720977
11760.0,2004.6435649540945
20385.0,28366.35876086438
17245.0,8968.392626517496
14583.0,8683.658497831897
9095.0,19273.261321173126
11917.0,15907.65967264531
3450.0,-3280.4378837978074
8154.0,67361.43944235037
11604.0,11823.313385421108
23521.0,27346.563915875435
14426.0,8735.997531886784
6899.0,-6808.778849932998
33556.0,58530.026850048336
36065.0,43297.86819851598
17249.0,14090.76944594779
56450.0,62178.026050500106
42337.0,35356.584389241
12544.0,-887.2126002011646
3136.0,-31165.084589839098
6800.0,9760.653456820997
6899.0,-7038.599022136979
12231.0,15742.439900409827
4704.0,11385.079808370596
8467.0,-1927.4342636508445
10976.0,5981.13601856344
15367.0,10069.768632262429
6586.0,31786.5137425652
4704.0,91019.811894314
21953.0,21953.013433961598
15524.0,62280.33006489799
8154.0,5024.713206822053
18503.0,12257.939450446444
9095.0,29560.79662223434
16308.0,22531.10860582433
11917.0,8519.887039943944
16621.0,27761.887100898013
13172.0,11829.264182795207
109764.0,85034.17710509755
9095.0,-587.7286458468952
25089.0,24316.396137893124
14113.0,1204.5462855502046
18189.0,17310.696749588544
15681.0,7016.935055780985
13485.0,12698.342661072798
17876.0,12530.396142064405
9722.0,26658.15049171027
12544.0,10956.771771593467
21326.0,29530.46781873241
47042.0,56885.762329378435
5331.0,-5667.513391666209
19757.0,12843.7748934546
16308.0,11966.350145836412
24462.0,42961.93681138426
43905.0,80343.61953324196
13328.0,29095.908578244274
20.0,-6453.463887033875
11917.0,6522.926770188973
8467.0,-1863.5104680939185
6899.0,-8893.239356085382
25089.0,23614.21074889676
6586.0,101778.24925618869
6272.0,23225.399271045273
8781.0,59310.4031331709
5645.0,152.07437719379232
47042.0,65852.15247236786
7840.0,-2085.592154407648
17249.0,15986.392754292181
5331.0,-3759.4958319883954
7683.0,-10678.277018075438
20698.0,17560.63540611793
24775.0,22435.536760843588
10663.0,72662.37858759108
12074.0,18590.984927660058
28852.0,18531.47084205731
24775.0,13044.960917315955
18503.0,19263.446734246885
8467.0,-4635.286082572929
20698.0,15530.502896009682
12858.0,-5975.0868522296005
17876.0,9757.511724358832
9722.0,55682.7548362298
19444.0,19330.635058352495
20385.0,23835.408045588352
10036.0,12318.915297924064
14500.0,42941.972489493106
14740.0,12423.343402419378
7840.0,-2501.7183440626104
12600.0,40223.10395369475
8781.0,5450.125919704027
11917.0,58344.41883674558
20385.0,-3357.2016333243882
4547.0,67884.1549405102
14113.0,7546.7431842022415
17876.0,33915.34538560891
2822.0,47866.856135073875
150.0,-23771.69755521825
18817.0,21394.25813064979
10036.0,4282.413054232551
61154.0,42461.96919227438
11604.0,285909.3884903966
26030.0,37564.41742142457
11604.0,1285.3846633177163
3763.0,-3269.083307338027
5331.0,5916.400121956867
17249.0,12776.108579823282
6429.0,12674.136112445958
5645.0,8415.39584611452
28225.0,30996.682785049667
12513.0,17367.47912743224
4391.0,2432.0771971908907
6272.0,9752.385485864153
16308.0,18619.200857390388
7837.0,15797.525340585711
7119.0,12632.303005770445
5645.0,11127.903856484107
18817.0,17886.32167569832
15681.0,8601.059774518832
10349.0,17083.92407793008
13485.0,32432.73959523798
3450.0,43045.14554990451
11917.0,33729.72225595462
4391.0,92.23831129599421
10349.0,855.8716276785053
2200.0,-18000.94893662072
12544.0,134277.1493562027
26657.0,32395.10581519805
23521.0,17649.030944099657
28225.0,23145.69051775098
9565.0,3077.850829288611
14113.0,8191.174456290042
3000.0,99119.6480200079
9722.0,-5812.684374161683
3700.0,29143.628340616917
39829.0,52684.837410858745
18817.0,31683.78906688144
2900.0,29622.782028593465
15053.0,14206.870461127979
34497.0,33704.35749606846
13799.0,19943.18848091274
10663.0,10040.86776138904
6272.0,1771.1172567750837
3293.0,-3411.4482375287844
15994.0,10392.929628934504
16151.0,19331.06450438149
14740.0,5999.503658411675
17876.0,43811.36426366532
627.0,-2901.437462715352
17876.0,12063.854026739049
10976.0,922.8308225498113
17876.0,16006.001782253083
10036.0,10696.286656431566
16621.0,-1649.7800059852307
3293.0,24617.610864588278
20855.0,22934.686764792546
549.0,-7945.931438048967
1803.0,6746.05349901881
23521.0,20002.127802634037
10349.0,9070.954836165252
97219.0,37982.84616256048
17719.0,35841.767228818106
30734.0,80100.73806935249
21953.0,8107.024179800534
11917.0,12755.813246901409
5018.0,7695.151837409234
20385.0,11844.442772718732
16778.0,7104.370062886348
21326.0,22979.473487559575
4704.0,57220.74318299914
19287.0,13964.786834837738
18660.0,19030.94001097109
22580.0,20746.86003475324
18033.0,17245.714530167676
17092.0,19828.239273720166
8154.0,5146.186102897715
39044.0,173191.2564906106
26500.0,151373.2671297177
7213.0,58169.61604210711
35900.0,43534.35830320601
14426.0,9386.431097105946
37633.0,51369.81333890682
10976.0,7541.8269349575385
5488.0,-8791.439981131465
8311.0,15140.029341752284
8154.0,-8602.950585820174
1800.0,-14695.739284576579
21953.0,60910.4462250965
4077.0,131392.09608180262
15053.0,19424.215656484856
17249.0,16597.230608941834
7997.0,-2047.8295729811507
10976.0,6095.200471505865
4600.0,34723.27590067248
3200.0,29430.72963352787
16308.0,23197.854856580474
12544.0,51753.680782806725
14426.0,44951.28102230415
7175.0,7092.439374905793
14113.0,17188.681405639
8781.0,6396.081583173513
6586.0,2744.586000916701
10976.0,-3635.0853803292266
14113.0,19426.08800312279
14740.0,450.2054760023384
6752.0,7179.068239590983
43902.0,75232.57441197483
5328.0,-3504.400761817742
6429.0,8528.93339476407
5802.0,-2951.3634990229475
9405.0,11094.800837454386
5175.0,-2492.6007324530074
6115.0,-3277.9320788100667
11604.0,11885.58726106735
5488.0,-407.2610385922744
6595.0,-7765.905399058247
10036.0,12638.919232094806
14740.0,12664.555201319901
9405.0,17905.363225831075
22266.0,17024.25092580125
12858.0,14443.954860050675
23521.0,13903.877810474103
15681.0,32755.024082496755
17562.0,24404.21265589862
7213.0,45744.50959005483
18817.0,10694.264969487198
14113.0,34432.176937118835
7213.0,2383.7951664917273
5600.0,-19650.107950189034
11917.0,16027.775659426581
10036.0,18709.736021568817
7683.0,28027.227176066328
11917.0,19866.93373189553
7213.0,4011.312224594134
7850.0,13436.187026876909
9722.0,8764.843128147553
9377.0,11010.173819953758
4077.0,-14650.96240637864
26030.0,35831.18322197991
7840.0,-8355.594696626926
19444.0,13059.87410509826
6115.0,9209.698996248328
6115.0,11180.731626796398
23521.0,16813.1302201989
4861.0,4255.419892959384
5331.0,6881.555663568637
5018.0,2127.856009197567
9408.0,-3379.9407958038137
4359.0,6049.836861056327
8000.0,5485.314132824395
9408.0,43735.03689365538
5488.0,8282.477089789285
15681.0,38993.48624269862
19200.0,23753.84576574568
8781.0,14077.73421054002
7213.0,4853.663037902785
18817.0,20146.78747954469
4924.0,7767.312875567299
5000.0,-6872.747226134321
6586.0,33419.328298473076
20385.0,31312.52343590393
3763.0,18301.83698302482
15053.0,3813.7612661519015
70.0,39755.77900350212
80.0,42646.89257438966
6586.0,-4373.885291133913
15681.0,21431.709796600375
6272.0,54913.73540637376
23521.0,37536.83006169212
11917.0,10688.59237238704
9408.0,42264.83681782377
5331.0,124471.17823035085
3607.0,100261.42247812627
97219.0,48893.23127522596
8781.0,8109.514108386738
37633.0,78947.73346733421
18817.0,18443.365417719022
10976.0,46055.243633625636
7300.0,6408.106573516852
15681.0,21755.36867059769
18189.0,18582.821339323382
20385.0,16986.491505569666
16590.0,31251.84899956949
21639.0,35707.61078493071
7213.0,672.9408879276307
19130.0,16998.461702468583
6899.0,-3264.0544752039787
19444.0,82404.28763220464
6899.0,1950.5310529794006
10349.0,6330.58791461599
6899.0,127818.95646354655
7840.0,-16316.433399888447
7840.0,33041.98518704792
5959.0,-10908.06229533434
9095.0,110354.6474034294
12544.0,35937.798205316845
8467.0,868.4007285478292
17249.0,38370.41450427941
9408.0,4945.328069011339
13328.0,-10430.668428331548
6115.0,-4842.841076953715
15367.0,5639.055620420113
4704.0,-6533.0549414768175
12544.0,1591.7069286591213
15681.0,10175.799226488569
10036.0,140.43213684425427
8154.0,38299.30573499508
36692.0,54985.616539777206
24148.0,30705.03716780645
14113.0,21675.12937682784
180.0,29548.10942369239
11604.0,32149.422039985086
19369.0,8832.017942834373
6272.0,31550.725222722933
13589.0,11056.836733831504
11604.0,33891.1101969851
24628.0,24766.7624815426
18450.0,13959.04653303065
25089.0,27134.71075128057
16766.0,13196.840806743054
30326.0,34280.71893084288
7527.0,15457.540102637686
16766.0,17336.88084017993
15681.0,15739.217603090889
17876.0,38901.64315239802
27463.0,33438.69037598722
30750.0,31554.008232722157
30784.0,30739.896141195684
9722.0,6445.550290244562
12544.0,-2869.6459110087744
38737.0,27569.302544940285
29777.0,16740.472347315357
34657.0,33337.81319736944
15323.0,131.14924860599422
31797.0,15240.954768481632
35736.0,44194.418252118405
32910.0,34374.07382591099
36567.0,38025.718776824404
14454.0,8826.87970860767
13589.0,12531.010950769865
17553.0,-160.2112898333653
14454.0,1577.441747795936
16358.0,-2879.502338997416
18500.0,13506.154258596176
41886.0,32816.68776029357
23678.0,12940.379627051094
32578.0,33632.188521247255
19068.0,18502.926398654523
16091.0,2159.736825720349
32274.0,29193.717051390893
15245.0,20168.626030433352
20071.0,25022.844563824598
28523.0,40468.948384781135
13463.0,1380.5205419659687
11447.0,-925.8635510540553
15323.0,4611.754087516456
35902.0,42148.336983382535
7840.0,-4551.727938346179
23436.0,26817.182333528122
40769.0,87266.64688711427
41883.0,27939.52513371859
16465.0,9748.390072513557
10381.0,8941.064690731619
10117.0,6766.725398616723
11917.0,1533.667194562513
15612.0,19008.267120069162
16778.0,5899.474378647159
10406.0,-1497.3546837028553
44843.0,43577.99490781607
11704.0,-1014.3989288773955
19933.0,15362.171808368108
16618.0,31060.952834578507
43655.0,44630.03811076097
42171.0,42592.72894305787
38016.0,39119.1433164861
20266.0,19789.228868822236
20266.0,18714.995360370656
20266.0,20960.19940453705
18189.0,32482.449321561726
20005.0,11021.320416372499
20005.0,13905.543283960746
29636.0,31964.0347342345
20005.0,13484.321060582599
57391.0,35469.228485554006
20005.0,19532.46636561617
13172.0,10954.802842453722
19707.0,12960.05872019644
19707.0,10391.463992848541
11604.0,16156.165827839453
19416.0,17034.278577760502
15053.0,14944.689430460003
12544.0,16617.752149323598
19121.0,20613.009070683656
18798.0,10001.713153847599
17710.0,17061.880964906253
16308.0,11490.278819194791
18240.0,11794.436621523702
17484.0,10882.430236747477
16894.0,15319.795095001697
15718.0,9885.62092501847
15423.0,26459.660847649277
15132.0,9919.632788405452
13178.0,7449.920435647964
12585.0,6782.383771782512
10635.0,8126.390094756574
11368.0,8435.109907201866
10976.0,36293.18720625642
31581.0,33042.72147341428
13495.0,5282.209834909227
68994.0,41370.87840112284
19864.0,38713.62779663183
18346.0,11543.935059356489
18503.0,10285.534617606696
9408.0,3725.138846672453
8467.0,14544.720360321735
17249.0,37984.73149538331
14113.0,21557.856496412314
23207.0,22032.69559226511
23834.0,52080.15931987997
16500.0,19156.008660627907
18817.0,2074.819675932289
10349.0,73530.29296897993
8311.0,14509.076333315272
7840.0,21433.443826714287
51746.0,38801.66943991962
17249.0,136362.91772343602
23521.0,-7624.158097474843
3450.0,36849.75516030576
23834.0,22199.884228554976
7527.0,-6907.45952728673
10900.0,7727.329613511181
23834.0,31215.10037163272
8154.0,2303.051964945189
17562.0,12720.578496710896
8467.0,4924.487393393727
5018.0,42804.779797507785
14426.0,10671.030301384999
9722.0,56131.724627655
9408.0,-14681.17271530952
3000.0,4049.1701437781303
28225.0,35236.37457228635
8781.0,-10774.023691240269
26657.0,26822.88004250481
5466.0,-4630.413784696648
37633.0,24660.13976198293
11604.0,4942.988907085397
45473.0,47221.009151774975
5488.0,2617.5961139284336
8781.0,14274.76856357294
5959.0,-4011.103621796239
17249.0,12617.03971620652
9408.0,-3383.0702594311515
19444.0,42243.38053762181
9095.0,2875.823647987774
10976.0,37043.781799454664
14113.0,51104.47913050817
15053.0,20419.342692227037
7524.0,-22822.14907075304
4800.0,33848.44314034729
10976.0,42596.90555244028
14113.0,29307.618303751115
8311.0,64507.13799316681
5331.0,35928.25241141171
8781.0,19472.128337228074
16935.0,53992.33477411172
5500.0,3882.850444885473
8781.0,-12649.117164534546
10036.0,11906.702219864892
6272.0,23362.489945642097
14113.0,7154.886871565122
42337.0,50983.762818268966
4391.0,83116.38156321665
8467.0,-8654.398992997092
13799.0,1120.356338239937
8154.0,174181.55611191643
14740.0,-9077.883967880443
6800.0,53441.80951525598
13877.0,4860.282156140653
21652.0,24988.56912230446
11143.0,9336.447352577266
11290.0,6470.568396317947
10192.0,7085.335928308552
21395.0,14298.148048380648
16568.0,23122.16980388214
14454.0,6529.822753943288
14454.0,-4309.132224328037
15323.0,10745.951012244135
28909.0,31973.53525553842
14454.0,12635.172145643031
12980.0,7322.898173431713
12544.0,11271.644048785784
11290.0,7109.621463552248
15612.0,6102.043049287335
11563.0,4991.029807195744
11704.0,-1150.5685897937146
14113.0,20278.56335023714
17562.0,16117.614065696478
20266.0,13688.589431621163
20149.0,13857.793954615201
20266.0,20696.74517440858
20005.0,13330.60143420393
20005.0,17094.573918913553
20005.0,12400.369030743987
20005.0,18420.25389715426
15681.0,9894.91245394382
9408.0,-2666.268486104098
10976.0,32197.525388342383
19416.0,13663.088987398321
19416.0,19359.136500068547
19089.0,15640.844986362623
21012.0,45597.21669880702
19121.0,9125.00514719258
18826.0,2644.3633552659594
18531.0,12836.497532976151
17885.0,8627.628556979322
6272.0,104573.67402602262
9408.0,17072.544873693427
15100.0,4001.235082377898
14834.0,22856.67377287334
11864.0,7876.60271900953
14069.0,5540.076512630403
13476.0,8806.183552789895
7370.0,81013.68000165992
25299.0,22270.95166600032
18776.0,23552.73043945826
14426.0,15682.024783007007
32929.0,37057.43202370423
10976.0,41156.89624755679
18189.0,12623.99994554559
18503.0,25896.47042646037
18503.0,14904.89951827061
18503.0,11606.05793292501
11917.0,6526.168803737248
49143.0,15715.16041918824
36711.0,29335.72399678648
15323.0,1717.5417344190864
15285.0,-6928.816030310481
16452.0,-2868.018948752506
17249.0,18673.44657645129
14583.0,4177.813506304345
19657.0,21427.036679537094
8467.0,-5621.063522765915
16766.0,17015.324767978935
21395.0,15407.704972953525
12522.0,9541.6316087544
14583.0,16545.612658921076
34673.0,32400.62333124256
34905.0,37545.80930494767
32910.0,30718.681032219658
33741.0,40757.639793826216
36564.0,40974.31627987789
13485.0,1092.745859843344
40889.0,44288.905316568635
42152.0,44618.10853483039
35403.0,34571.16206944622
36235.0,39273.13791415295
31581.0,35287.737657413134
35902.0,45438.11316067911
8467.0,-9114.021735251168
36968.0,43051.333570524315
23436.0,30255.42275657297
27093.0,32535.351415644727
47217.0,44328.129006987685
45436.0,43369.34812773405
43655.0,43600.47171787365
38016.0,37610.14143800346
37125.0,36123.881067773356
13799.0,11723.386158879159
39578.0,40157.7333719394
18660.0,20426.942235018843
15063.0,7302.231840652399
22894.0,29367.067281915588
12701.0,10035.442580491155
10036.0,9840.789372041985
6269.0,1908.953384303306
11917.0,10581.526988331312
15524.0,12682.841892541273
31797.0,32234.83699496119
18500.0,10999.160855444974
13269.0,7688.689929377488
22894.0,14225.896532460465
9722.0,-3374.000263275251
21395.0,13183.846749149914
25440.0,11405.609638763926
35902.0,47654.474836466776
39559.0,49124.40822768373
39226.0,46179.95775077052
35570.0,43296.47868779168
15053.0,41110.94479815503
29489.0,25884.471446861724
32302.0,32126.130166054783
30351.0,39754.72829865214
29777.0,41618.36469095219
37580.0,47205.2117673721
32954.0,39986.45394598071
29777.0,39326.110296536564
12676.0,11665.583368848806
26510.0,34295.15901997815
28222.0,37739.27959524054
40142.0,36362.680484986355
30367.0,66479.21724189707
33214.0,43817.15761798981
13962.0,14885.945857901654
10964.0,5976.267435770045
29323.0,35217.501162244924
25512.0,41126.5946012526
40983.0,48832.04484175442
32340.0,30650.33261471159
28780.0,32226.35271401606
23138.0,31362.629145667983
22693.0,24623.344461705165
21953.0,19043.158886289395
49798.0,36008.36917561423
48108.0,36926.036967873886
46621.0,48447.10395076313
46919.0,48416.20345785643
41547.0,47356.8744884925
35344.0,42728.57252197682
24327.0,30866.246625569234
23408.0,27017.60800214631
43049.0,47437.74502997868
43416.0,45808.26294729551
40076.0,42199.84482648091
39493.0,43745.25452392499
41720.0,47715.49865089157
36401.0,48192.50028311939
41221.0,69226.49142377406
12083.0,11443.167780990225
24920.0,33473.32944736508
25810.0,26633.555904207642
48998.0,36288.96266642586
19008.0,25909.19478962809
39891.0,46972.74218651783
38063.0,39582.68930662986
36068.0,47307.723024558414
75793.0,41123.23802873325
19309.0,33059.65724816729
96071.0,37289.98277441088
42337.0,45969.432921114036
33908.0,40744.93367370367
37730.0,46290.34695121574
38063.0,39482.847174066825
40390.0,47272.32222948295
40769.0,41113.73545959032
41055.0,69555.90693659571
16546.0,12638.697754038763
31747.0,36128.50388175959
13523.0,19541.15380742244
8467.0,3594.65286117886
7683.0,4734.929622098964
13297.0,7663.94215930449
11604.0,1310.1621977256873
12231.0,13286.708004868302
10036.0,11865.352232641588
12143.0,11552.660571678829
6272.0,2544.940703862958
10036.0,4257.707227929255
12544.0,12341.017706524955
15681.0,17156.26866601829
13172.0,12926.39237452504
19914.0,18568.01122497799
19914.0,20824.697733617366
18817.0,11726.94457456833
15053.0,14017.840142710604
11604.0,7058.580604254315
15681.0,13481.37471659877
10976.0,2765.1406685336187
10976.0,4208.013163664087
10349.0,4671.408827013605
10036.0,7007.662280632529
10036.0,4412.586082726833
8624.0,7704.640446100308
14113.0,13227.038828115514
6586.0,29665.64717979796
14166.0,17710.888974995272
13877.0,9977.08592550236
10036.0,8168.996119363397
10036.0,4915.677293390458
16894.0,17595.87100225029
6429.0,9996.528381012326
15257.0,13204.861257508423
10036.0,6339.017156335278
9252.0,13133.134609233548
15053.0,18712.06572304177
8467.0,7730.716080387876
11290.0,11631.152198257103
25716.0,22806.777586158067
10036.0,4422.424492257225
15681.0,17918.043750156063
13423.0,12502.160399856148
13172.0,10132.224540298168
13799.0,11592.606665835887
10036.0,12942.478179558526
16308.0,13676.307490533534
7683.0,4085.809630424468
15681.0,11329.992178707671
9252.0,11041.328816767655
15681.0,14832.730818391938
15681.0,16360.550856589041
13172.0,11989.012395117028
13172.0,14191.206552603897
11604.0,9726.093782526124
7527.0,9727.151292212311
16308.0,15346.628868799024
12544.0,15398.982382135026
10976.0,4363.201750692366
8781.0,3134.023707599197
9722.0,8777.362130967344
12544.0,14039.234970761212
15994.0,15711.405246047798
13799.0,9971.860951306484
5331.0,21356.668927534585
9722.0,15689.681339981504
17405.0,18841.853948306107
21009.0,18691.7608279471
15677.0,18951.41986494777
22423.0,37996.96336530872
36636.0,40852.87737504681
18029.0,1268.6110172466651
14834.0,-7312.373283110013
53188.0,147490.59709267528
16151.0,7441.627571341967
30351.0,13317.410787734461
27174.0,159847.23444689356
37000.0,148731.2301451484
38445.0,28593.313376800543
44517.0,26957.69837356121
17092.0,-1159.443285007721
23687.0,13972.434885703067
11563.0,-1388.6116684244626
19924.0,10071.269825027004
20636.0,9133.753399910627
15053.0,-1668.0847149273468
21169.0,6611.331051955931
18189.0,36070.718734069334
29144.0,14731.28156348112
45210.0,154912.1017596278
44878.0,32171.333799511354
45210.0,157397.2967871034
28830.0,13816.526356639766
27946.0,17105.362654419303
27654.0,25628.83010207679
45210.0,30578.119534788566
26475.0,17441.630881040015
26149.0,16720.53984183313
41629.0,38721.18349687313
50297.0,45135.137397423954
25889.0,14511.370482498602
42786.0,57732.37956047779
47120.0,58545.37210533524
25299.0,5358.649663843709
7527.0,32549.88318219927
47757.0,57249.38458282283
24148.0,-5127.006380791296
23521.0,19259.57972531668
27174.0,24857.914117121774
24123.0,14719.88906119805
23207.0,10344.428719124946
17876.0,17333.166885785115
43880.0,158358.3109701589
29087.0,33632.353824273
41340.0,50113.854096386465
12544.0,31860.901339863743
21608.0,19920.698224820466
25089.0,2325.7779229369553
26425.0,30808.82049236465
42551.0,154378.06226507854
31245.0,38695.345140350626
26180.0,32417.801635273987
25299.0,11756.481030256822
49864.0,38289.922309385314
25889.0,26733.7809006107
25926.0,30224.299789676137
23207.0,22626.22908144338
2822.0,1428.0292502989614
28225.0,32593.362746328363
11290.0,65877.80164655655
22649.0,6467.344984557272
32973.0,41633.15909108713
22063.0,6376.599072218138
39750.0,52315.87591254546
15053.0,8604.82472616322
19707.0,13260.185612064459
22063.0,4826.755230760929
22063.0,10785.853545096743
21181.0,6496.719369165527
38894.0,29869.579441313042
24462.0,19473.472043255577
38229.0,153780.31062644703
51689.0,4413.1228422465865
28225.0,26029.311935166683
28225.0,37029.428245497555
38725.0,156780.02265061997
37066.0,149684.11911883307
35071.0,28941.403460270412
36733.0,147534.20458135637
40556.0,32124.818130710963
39891.0,28395.833122011776
15053.0,13899.913019912583
47810.0,29281.939241785534
25716.0,29512.446043174066
35046.0,24949.48078658698
35344.0,150777.79048716056
27591.0,18894.306343854798
26927.0,16159.308914499452
38016.0,147501.53569397924
40769.0,63732.396037883846
19613.0,4457.439749334066
13962.0,3798.4176947079977
23104.0,8245.53000623947
16788.0,-1673.5739302110815
18779.0,7523.159657796117
34240.0,149294.4213265808
35570.0,140717.74500198482
4500.0,-5710.91218648135
19444.0,16807.937190404962
9408.0,-10423.298915890235
11917.0,128121.4682387375
5018.0,78481.78848927733
14113.0,15069.783105620347
13485.0,86224.37567911125
18189.0,16847.50368298809
14113.0,11624.710207993947
11917.0,2595.766518135366
14113.0,23176.70701658557
9722.0,25127.090395807463
9408.0,31071.12574361908
20385.0,16805.141230030044
11917.0,10132.34728906022
5331.0,14341.525870350779
16465.0,13757.803744973517
3400.0,10685.163291766748
6899.0,71286.32274016888
6895.0,-3872.203658250677
16621.0,32763.30022432374
37633.0,33284.56928895699
10036.0,1365.634442507806
7840.0,300451.5175319283
10349.0,25793.387747012057
9252.0,64166.43302063552
13485.0,14875.787811455535
125.0,-8341.082048445714
3500.0,25087.13799871754
3763.0,39380.488579457815
13172.0,13260.344173361755
7213.0,-3227.48574887788
3136.0,57054.320551162324
2000.0,7230.63822500845
34497.0,47284.01003615574
5959.0,45168.753100609145
21953.0,19591.950363011525
14113.0,12938.164137853866
2352.0,-17105.751048370235
784.0,-5392.4991897698565
2979.0,-2177.7136527432813
7213.0,15219.466971872258
16935.0,36331.511001772014
1803.0,5831.360355932018
10349.0,14173.106178964834
20698.0,21463.32916490807
8781.0,23982.65278866284
9408.0,15329.704086483787
9722.0,3221.984144599708
6586.0,-5953.150835364111
1882.0,-10080.993376960672
1882.0,3186.471109723032
18503.0,16016.227035191641
1254.0,21805.688228854055
157.0,784.8309210450461
1019.0,-8718.982520278689
5015.0,20643.120190032154
5018.0,10634.190812765613
23521.0,20697.12923158598
26657.0,42067.21484012498
29793.0,19897.389286657362
7840.0,57877.52716297002
23521.0,25036.1231851069
18503.0,50729.48002550701
18817.0,7778.213489508111
18346.0,27138.274675254863
19757.0,32590.48436164695
17249.0,10545.299746270746
392.0,-1048.320490198712
15367.0,9379.602957406816
392.0,31032.152233036595
392.0,-635.0642928636662
20071.0,15295.764172676689
5645.0,-0.912040390605398
10036.0,9085.629954477296
5018.0,-3976.570193760177
12544.0,19881.185713194875
2000.0,32192.24890196774
26657.0,28303.419288986574
13799.0,34247.60102505615
5500.0,27232.710966291706
282.0,-19614.16238724343
11917.0,457.04155940635974
10036.0,7793.734966472464
3136.0,-16136.8766569297
10976.0,-25621.116620056448
7370.0,-14192.991499372562
9722.0,-4501.577782638073
35000.0,40787.44631102535
2600.0,-20522.63515919992
24148.0,28891.530538005718
21953.0,18308.552126943672
1490.0,18959.07354116488
5488.0,-7679.183665270364
1333.0,-9422.266854760142
2430.0,-1326.9811395890501
13485.0,20005.679727663563
1019.0,15117.668872147606
3293.0,21083.823542953076
6272.0,-9034.296880590213
6429.0,574.2004107453686
549.0,-6891.163372259587
37947.0,31648.75367477356
1646.0,-9668.325077377027
314.0,-21070.14831320312
1568.0,-5534.356373835377
4704.0,-21278.207046325384
1333.0,-573.683732981066
3136.0,-2784.800252204892
5175.0,-11731.413517461282
470.0,-8135.983468611943
11000.0,11064.904139837923
2666.0,-784.201056833459
4547.0,9079.652728604815
8467.0,23582.4728032005
3136.0,48940.56386512159
14113.0,8910.412937566307
12544.0,6323.662094912575
99440.0,41061.96030021403
26306.0,28717.69204788482
10697.0,-357.2612677179932
16766.0,5234.519565808951
29489.0,21122.96297885154
92070.0,40362.66857861349
15464.0,5017.773049434487
7806.0,13787.141532621663
7517.0,-3131.0422525646427
79902.0,34325.510224576305
11290.0,4867.051742971933
8386.0,5723.93671384918
7806.0,-3538.0770813558556
48277.0,32591.127781644176
7527.0,-2519.5040333496945
24283.0,17018.65256315913
104216.0,35781.75986647853
5645.0,14530.825719446817
5968.0,-3936.162513690804
9396.0,14413.69179939022
132971.0,31885.10833062667
8006.0,7345.640754460728
23678.0,23428.85378264093
24571.0,32490.118445154134
7997.0,12870.482015855298
4679.0,7847.979239747794
86142.0,34357.897212483076
30906.0,42663.25960692558
27174.0,31796.67538271006
22900.0,21944.246160923376
17663.0,17375.934320514196
25274.0,28502.985526454417
22549.0,28344.78866746515
12184.0,35754.10656670756
24029.0,19884.548543955127
35808.0,35002.13274254175
13203.0,18008.465952433722
78.0,34542.82994258999
19030.0,32308.31711267025
39085.0,48043.99310727968
9656.0,12350.280709454779
40092.0,41461.99856630333
36539.0,38536.67388423481
39797.0,36923.22120216767
22197.0,21311.616033924613
13310.0,9958.566217801916
12272.0,5977.320115004768
19930.0,13600.372362308663
17663.0,18350.572987572254
26795.0,19982.455040240628
23659.0,12857.400625891325
3607.0,-4357.065509887609
13946.0,2392.008909209595
25456.0,29124.46022739443
25299.0,35267.397972985505
18189.0,25164.724105816502
17663.0,38144.42568976266
16719.0,22981.393281563825
13065.0,6414.843722771631
38822.0,40209.263478671506
26858.0,27395.808913303685
29087.0,34293.58410749731
12027.0,24752.04609997397
23204.0,21703.67696720487
15800.0,25487.614151746333
12758.0,2954.136105749545
34560.0,34646.06575980858
41259.0,64027.15690975943
3136.0,17786.549801772817
20250.0,18571.294411025472
10202.0,5634.723756740816
16766.0,9221.83690397031
28592.0,29214.775962396343
240.0,21889.288714503284
13877.0,13093.591429681368
24176.0,46268.083183937466
44611.0,41686.19417912338
1254.0,3034.8960626405024
29445.0,26362.66232138099
13877.0,10299.199755740101
53185.0,15521.393102254904
41538.0,26214.23643828649
10117.0,5245.662163435583
27435.0,21904.785824358587
35567.0,36821.16835261452
17923.0,11517.797426185145
5331.0,-7193.8719925954865
42933.0,44571.96350991942
9832.0,3759.4109897217495
14586.0,36790.89298551877
9261.0,15145.952552781073
19883.0,42745.781341244205
30891.0,30345.45273672788
13987.0,25644.102960817432
22715.0,35120.22782932782
627.0,-4200.374997237363
1333.0,-8108.890360052719
16618.0,14342.204913342306
14069.0,11798.491112403306
24239.0,17197.509183724604
12607.0,41828.883837830246
15530.0,21304.894174750276
34889.0,18760.628216716173
5849.0,-925.2283009836392
46866.0,37446.59607624252
4265.0,-2779.9227187961587
5209.0,4001.999038434158
14834.0,5490.414375445638
5987.0,-1413.4329824471424
5331.0,-880.9888571113188
30891.0,34244.58810509597
34635.0,34319.95499215249
21558.0,46850.80769045923
47531.0,45548.41728415052
15530.0,14958.954082540258
42557.0,45452.34033973087
16960.0,14746.627864833557
37611.0,41810.47608873383
38251.0,39359.53867687738
53317.0,37195.007621079
12570.0,5477.436444906685
11676.0,-3836.070703122321
10669.0,-6173.343328905321
10381.0,4301.057725409075
12717.0,10561.183025571743
13172.0,13235.663083616975
470.0,-8615.26806858027
28909.0,33066.762983503795
24283.0,20784.133331278466
17346.0,20218.142758666036
21012.0,19374.323817597993
400.0,34394.177118610794
22825.0,23106.165416348776
627.0,10413.245830750915
862.0,9578.095490623913
3293.0,-9379.83658164923
19933.0,25128.046155863627
19676.0,17947.388473498493
30734.0,51430.13610149648
8781.0,53.007055145470076
6272.0,-10286.859124370843
20385.0,20189.444200196856
26096.0,24125.50510752727
27093.0,27575.43089392406
13962.0,20255.769319326057
13564.0,29425.757284240834
15125.0,17277.172778064145
34127.0,56842.128505569264
30082.0,38842.56145252143
29504.0,40716.394852970625
29216.0,34577.263789834986
17249.0,22033.179722253266
36197.0,39306.28468303364
15681.0,48143.21278953213
23207.0,55982.55615467095
24415.0,30061.79003791239
22649.0,27527.81280948761
21739.0,30103.72183716914
19416.0,24777.00953062269
14834.0,23358.55022787993
21796.0,17292.693903335992
16778.0,10460.02562302073
35438.0,41673.91675331191
14426.0,10250.303957815911
8963.0,1873.3822061977262
11917.0,4737.2077734150225
17876.0,8916.422539753923
21326.0,19320.93649253315
3763.0,-13109.82378403705
549.0,-4437.7940413566685
3293.0,643.7141895731838
549.0,-3793.666434802937
4800.0,40173.517455061345
392.0,-18844.363408480538
14269.0,12140.96202211078
3920.0,-9211.569001932687
1882.0,-4910.8014199307
1019.0,-5271.524198969826
17562.0,6813.082960968688
5018.0,8255.679301331518
470.0,-6747.97212147955
22894.0,54672.00912023334
15681.0,50690.25974566699
31361.0,85816.42325397607
79971.0,37025.979839363004
706.0,-6664.2420399352195
392.0,-5073.715745591915
7840.0,-97.70393206338485
470.0,-12304.751450073956
4547.0,26048.28717021533
10663.0,35425.90523673536
2430.0,-9196.784140123455
15681.0,7654.620844320907
8154.0,-69.46249515216186
16621.0,42290.620621397524
7840.0,-20026.483291210796
6272.0,1359.3204172973783
18189.0,15912.005793843844
862.0,-3260.7175398834224
9095.0,129073.1585245829
8154.0,4086.3863108004007
4704.0,22375.112127048928
14426.0,56094.35598982875
18189.0,32812.67847694706
14113.0,39584.456552448486
17876.0,14281.447076842993
314.0,-10843.974024311516
21639.0,16057.296719473015
9408.0,-1026.0216286954092
470.0,-10033.58723907821
314.0,-3684.3973871937123
21326.0,20933.954703730335
150.0,-20475.01310035114
470.0,14917.93311429656
314.0,1521.2215281764875
54882.0,32211.497573939283
941.0,-16395.016333009953
392.0,-9631.103313989923
15994.0,8301.260138249803
470.0,-8480.199512781408
6272.0,-11962.996415121954
1254.0,2637.0172092598004
627.0,-6309.142766597215
6272.0,434876.30940566177
392.0,10741.80692412384
941.0,3178.65234262
1098.0,-5446.400487739047
21169.0,14135.860369383212
6429.0,4339.075273581839
470.0,22192.775496367627
18503.0,15325.270288907042
12544.0,8512.503571592999
22894.0,18783.521817893066
40769.0,33644.942657516054
25089.0,15605.020929361624
8467.0,11922.437634798946
12000.0,1829.6331200624118
25716.0,17644.375540935773
31988.0,32997.90642559291
15681.0,89226.86893612029
8781.0,2284.962111807239
3920.0,4054.921962887631
27911.0,24138.25412217005
220.0,-8258.914662898365
4234.0,-2698.1738873138966
627.0,-9032.743841552023
941.0,7203.329817759055
251.0,16908.906061846486
10000.0,34325.96982179361
17876.0,6049.024512478609
5959.0,-23177.178480670045
9408.0,31777.010125082365
188.0,-16971.867085699952
1019.0,14490.963568813459
220.0,-6536.7984445797265
8154.0,-63.6833772497921
15053.0,9260.176411348308
4234.0,4649.630562592982
9408.0,29809.779139813043
627.0,-15436.4433902432
470.0,17445.416659149967
549.0,-14159.993675347469
2352.0,3245.1140045174106
549.0,-657.1350183711111
45787.0,47405.46651423513
8781.0,-1850.9907224086346
251.0,-5834.311348482108
28225.0,16204.54231889388
706.0,-306.0989369920062
5488.0,-16595.888713205524
8154.0,-1179.1230744908535
4704.0,75092.1320476857
1725.0,2972.7863667407946
7213.0,6060.983279705455
4861.0,21706.42004253775
5018.0,25619.365006116575
470.0,-7272.050085058239
27284.0,42137.96650838504
14426.0,15162.006542814255
28225.0,34930.73052495824
101923.0,62733.169902393434
175622.0,30496.355154414516
706.0,-9519.092623405952
5645.0,2789.2055637256344
2509.0,-11991.627074316035
2195.0,8005.105141861859
3450.0,5016.661117491982
50178.0,27109.13168576403
627.0,20628.376335182893
470.0,-20560.982864017707
11917.0,14832.327110843325
470.0,397.26262038524874
3136.0,1908.8179714491853
3450.0,29190.650751159174
549.0,14856.009844468554
251.0,2374.5157296766483
14269.0,22632.432560286885
19444.0,19614.72543697322
15210.0,10062.939470139834
16308.0,21384.201240839204
12231.0,-288.55323733033583
9722.0,11974.112804745811
23521.0,20577.14202817555
13485.0,4602.924081197467
14113.0,1491.0652384602145
15994.0,36099.159835047496
24462.0,18396.256682779374
9408.0,97041.97644741292
39829.0,52189.137761675156
25089.0,39605.12393647978
10036.0,40687.59192118696
24000.0,24262.422749874426
17249.0,46180.2701433521
10976.0,94867.05955420609
11604.0,8322.916185922451
1300.0,159872.03501137358
10036.0,-826.5377904371562
706.0,-5241.810183302674
3763.0,-16654.513821723755
5175.0,4636.716444143865
6429.0,-9413.694164206441
50178.0,57961.93542795465
314.0,-3532.485303355352
39201.0,54792.76354634539
3920.0,-3831.607239714758
251.0,19597.429058381647
5331.0,-2484.6251696220497
22580.0,22511.16830948276
5645.0,3131.78543499214
188.0,-5681.39879878192
12074.0,13197.71870025797
6586.0,23400.75832570804
470.0,18892.164807371708
8938.0,5603.61807074742
24462.0,48087.18496675121
14583.0,33964.86281381025
2352.0,-8337.95765732984
2352.0,25763.340291531298
8781.0,29656.812887804605
750.0,-17704.481887016533
1568.0,-8951.812983680938
8781.0,-11751.967685586074
1646.0,35463.755003839346
3058.0,2467.813004666583
470.0,-2971.8452245626177
3293.0,-3599.2431218488346
282.0,-13261.073311736502
549.0,-18310.855445926412
2666.0,-6127.618777324169
5018.0,-903.2835649675253
10976.0,-17576.231255363135
13799.0,18137.251517020533
8154.0,17186.51628536379
24775.0,19296.842259311605
21953.0,21942.194070975816
10036.0,-9996.092529984438
3293.0,1260.0322241953254
784.0,4413.139872257045
549.0,-815.6134192351819
47.0,-1186.7723975842528
470.0,1764.3433493858174
14113.0,11255.347905045786
8781.0,3396.4262318264737
6899.0,159677.41418731055
7840.0,-5653.965750382529
31361.0,31264.166211475946
11917.0,16361.767325675992
20385.0,18064.832205698873
34497.0,43318.11277246866
706.0,812.9135728644251
627.0,-4240.479253443096
627.0,31780.802321885996
10663.0,-1174.507957077003
5018.0,25033.53387322747
314.0,-12964.368177140022
3293.0,-727.1787663740106
941.0,1046.8507509019182
3293.0,24128.70047164442
549.0,-3437.50061943099
1568.0,764.6881665059627
627.0,-174.3312687756188
8781.0,4537.055351324256
7840.0,6134.422118590104
24148.0,33591.567288362945
15367.0,14030.086966408799
4391.0,-14293.378983613744
11290.0,23735.715296246173
9408.0,14368.836059339083
11917.0,21678.94583493851
7213.0,-10606.261221230037
10976.0,9859.525770724544
9408.0,-4800.089035337776
37633.0,27935.63592689059
7840.0,-14680.10917216885
30.0,-7982.915577736814
8154.0,-2140.3955548137965
3293.0,4259.83764945023
10976.0,27797.006314689515
2195.0,2337.8448222755324
2901.0,4424.638452500265
4391.0,4224.897656803711
10036.0,46327.01325401261
4077.0,1035.2704643569523
1254.0,29487.005913598845
4234.0,19455.295487215066
15681.0,5817.466493005901
4077.0,1546.747103580441
3293.0,1042.6570349500325
2587.0,-7805.74176169141
4234.0,-3560.623960149089
1254.0,15386.11066702311
314.0,18397.49420711073
2901.0,-17.404110170748027
23521.0,29625.653068712083
862.0,1898.083176637163
36065.0,57097.55240112417
549.0,833.6693925730287
5331.0,3348.153868958456
251.0,-13223.537642306714
12544.0,19141.51678955831
17876.0,24695.704480647822
627.0,-1713.996955744762
13485.0,-1675.049878509264
10192.0,11431.459058525223
11133.0,4874.125064376058
282.0,-2899.425040029222
4391.0,-6783.973469915974
21639.0,19725.72272461228
12544.0,48117.4057630736
21953.0,9890.275018438344
11917.0,-3759.258243442877
20385.0,9517.438177035572
4704.0,41793.36908356524
6272.0,-1974.598106745303
49237.0,3320.7957441697
157.0,-11175.288026246992
94.0,-14601.361172170138
24618.0,38272.79703252413
130148.0,40804.0614218654
29166.0,51475.31376866094
12544.0,51563.55618972529
22580.0,14165.233442094792
4391.0,71464.12925076735
7370.0,4107.922584024818
45473.0,43562.22023496055
5645.0,4121.570352504241
188.0,-6064.989604806782
706.0,-7596.585894563359
125.0,-8187.526617000694
31361.0,41659.25130339437
6586.0,6326.874587395556
13172.0,4162.310231342788
13799.0,1049.8270903436642
15053.0,18252.81822722784
